"FlintMICity","7c59366e-f472-420a-ab7a-2509ba04c4ff","E:\elance\CityCouncilMeetingProject\CityCouncilMeetingProject\bin\Debug\FlintMICity\Agenda-Finance-Administration-1-6-16.pdf","council","https://www.cityofflint.com/city-council/city-council-committee-agendasminutes/
https://www.cityofflint.com/wp-content/uploads/Agenda-Finance-Administration-1-6-16.pdf","True",
"FlintMICity","e5d58fa2-ee9b-4a23-b629-73a9a14b2655","E:\elance\CityCouncilMeetingProject\CityCouncilMeetingProject\bin\Debug\FlintMICity\Agenda-Public-Safety-1-6-16.pdf","council","https://www.cityofflint.com/city-council/city-council-committee-agendasminutes/
https://www.cityofflint.com/wp-content/uploads/Agenda-Public-Safety-1-6-16.pdf","True",
"FlintMICity","5ff12bd7-3b27-4c48-b5e2-a4b69ebca4bf","E:\elance\CityCouncilMeetingProject\CityCouncilMeetingProject\bin\Debug\FlintMICity\Agenda-Public-Works-1-20-16.pdf","council","https://www.cityofflint.com/city-council/city-council-committee-agendasminutes/
https://www.cityofflint.com/wp-content/uploads/Agenda-Public-Works-1-20-16.pdf","True",
"FlintMICity","cea3ce5a-516d-4fb4-86f3-2ecd98f81c63","E:\elance\CityCouncilMeetingProject\CityCouncilMeetingProject\bin\Debug\FlintMICity\Agenda-Planning-and-Development-1-20-16.pdf","council","https://www.cityofflint.com/city-council/city-council-committee-agendasminutes/
https://www.cityofflint.com/wp-content/uploads/Agenda-Planning-and-Development-1-20-16.pdf","True",
"FlintMICity","38de8d8f-82f7-4f64-955b-667154339971","E:\elance\CityCouncilMeetingProject\CityCouncilMeetingProject\bin\Debug\FlintMICity\Agenda-Finance-Committee-2-3-16.pdf","council","https://www.cityofflint.com/city-council/city-council-committee-agendasminutes/
https://www.cityofflint.com/wp-content/uploads/Agenda-Finance-Committee-2-3-16.pdf","True",
"FlintMICity","8c35ffde-2cb8-4079-b029-016ed20ab70e","E:\elance\CityCouncilMeetingProject\CityCouncilMeetingProject\bin\Debug\FlintMICity\Agenda-Public-Safety-2-3-16.pdf","council","https://www.cityofflint.com/city-council/city-council-committee-agendasminutes/
https://www.cityofflint.com/wp-content/uploads/Agenda-Public-Safety-2-3-16.pdf","True",
"FlintMICity","054b87ef-0ea0-40ee-9bab-0c867e6ede3a","E:\elance\CityCouncilMeetingProject\CityCouncilMeetingProject\bin\Debug\FlintMICity\Agenda-Public-Works-2-17-16.pdf","council","https://www.cityofflint.com/city-council/city-council-committee-agendasminutes/
https://www.cityofflint.com/wp-content/uploads/Agenda-Public-Works-2-17-16.pdf","True",
"FlintMICity","382500c9-a1c1-47b5-82c1-95f32ff7f4d6","E:\elance\CityCouncilMeetingProject\CityCouncilMeetingProject\bin\Debug\FlintMICity\Agenda-Planning-and-Development-2-17-16.pdf","council","https://www.cityofflint.com/city-council/city-council-committee-agendasminutes/
https://www.cityofflint.com/wp-content/uploads/Agenda-Planning-and-Development-2-17-16.pdf","True",
"FlintMICity","4cf85b06-6118-4b71-92b5-7a505df78d35","E:\elance\CityCouncilMeetingProject\CityCouncilMeetingProject\bin\Debug\FlintMICity\Agenda-Public-Safety-3-9-16.pdf","council","https://www.cityofflint.com/city-council/city-council-committee-agendasminutes/
https://www.cityofflint.com/wp-content/uploads/Agenda-Public-Safety-3-9-16.pdf","True",
"FlintMICity","50267f7e-3080-4fcc-ad52-86e6e51c2f87","E:\elance\CityCouncilMeetingProject\CityCouncilMeetingProject\bin\Debug\FlintMICity\Agenda-Public-Works-3-24-16.pdf","council","https://www.cityofflint.com/city-council/city-council-committee-agendasminutes/
https://www.cityofflint.com/wp-content/uploads/Agenda-Public-Works-3-24-16.pdf","True",
"FlintMICity","dfd00362-7532-4f9e-833d-389231a89583","E:\elance\CityCouncilMeetingProject\CityCouncilMeetingProject\bin\Debug\FlintMICity\Agenda-Planning-and-Development-3-24-16.pdf","council","https://www.cityofflint.com/city-council/city-council-committee-agendasminutes/
https://www.cityofflint.com/wp-content/uploads/Agenda-Planning-and-Development-3-24-16.pdf","True",
"FlintMICity","7d78283c-cf49-4ce1-abf1-bdb1c54245fd","E:\elance\CityCouncilMeetingProject\CityCouncilMeetingProject\bin\Debug\FlintMICity\Agenda-Finance-Committee-4-6-16.pdf","council","https://www.cityofflint.com/city-council/city-council-committee-agendasminutes/
https://www.cityofflint.com/wp-content/uploads/Agenda-Finance-Committee-4-6-16.pdf","True",
"FlintMICity","69212553-9d44-41b0-963a-5da24f64f5cf","E:\elance\CityCouncilMeetingProject\CityCouncilMeetingProject\bin\Debug\FlintMICity\Agenda-Public-Works-4-20-16.pdf","council","https://www.cityofflint.com/city-council/city-council-committee-agendasminutes/
https://www.cityofflint.com/wp-content/uploads/Agenda-Public-Works-4-20-16.pdf","True",
"FlintMICity","79367499-3e79-4e19-ab3d-b6ad248f45aa","E:\elance\CityCouncilMeetingProject\CityCouncilMeetingProject\bin\Debug\FlintMICity\Agenda-Planning-and-Development-4-20-16.pdf","council","https://www.cityofflint.com/city-council/city-council-committee-agendasminutes/
https://www.cityofflint.com/wp-content/uploads/Agenda-Planning-and-Development-4-20-16.pdf","True",
"FlintMICity","e7919e7f-3b16-480e-b9be-3bdd9237b92b","E:\elance\CityCouncilMeetingProject\CityCouncilMeetingProject\bin\Debug\FlintMICity\Agenda-Finance-5-4-16.pdf","council","https://www.cityofflint.com/city-council/city-council-committee-agendasminutes/
https://www.cityofflint.com/wp-content/uploads/Agenda-Finance-5-4-16.pdf","True",
"FlintMICity","c8db86d5-f6b6-4fa5-a4ae-e919d9c636bd","E:\elance\CityCouncilMeetingProject\CityCouncilMeetingProject\bin\Debug\FlintMICity\Agenda-Public-Safety-5-4-16.pdf","council","https://www.cityofflint.com/city-council/city-council-committee-agendasminutes/
https://www.cityofflint.com/wp-content/uploads/Agenda-Public-Safety-5-4-16.pdf","True",
"FlintMICity","ee8c7b20-1a20-4c21-9d86-841ec32906a0","E:\elance\CityCouncilMeetingProject\CityCouncilMeetingProject\bin\Debug\FlintMICity\Agenda-Finance-6-8-16-1.pdf","council","https://www.cityofflint.com/city-council/city-council-committee-agendasminutes/
https://www.cityofflint.com/wp-content/uploads/Agenda-Finance-6-8-16-1.pdf","True",
"FlintMICity","4e7911dd-16a7-442c-9358-29cb6197fa4e","E:\elance\CityCouncilMeetingProject\CityCouncilMeetingProject\bin\Debug\FlintMICity\Agenda-Public-Safety-6-8-16.pdf","council","https://www.cityofflint.com/city-council/city-council-committee-agendasminutes/
https://www.cityofflint.com/wp-content/uploads/Agenda-Public-Safety-6-8-16.pdf","True",
"FlintMICity","d663ae50-924f-48bd-801f-af435bdee044","E:\elance\CityCouncilMeetingProject\CityCouncilMeetingProject\bin\Debug\FlintMICity\Agenda-Public-Works-6-22-16.pdf","council","https://www.cityofflint.com/city-council/city-council-committee-agendasminutes/
https://www.cityofflint.com/wp-content/uploads/Agenda-Public-Works-6-22-16.pdf","True",
"FlintMICity","bd6f4c21-3205-455c-ac9b-bb6cec767ebb","E:\elance\CityCouncilMeetingProject\CityCouncilMeetingProject\bin\Debug\FlintMICity\Agenda-Planning-and-Development-6-22-16.pdf","council","https://www.cityofflint.com/city-council/city-council-committee-agendasminutes/
https://www.cityofflint.com/wp-content/uploads/Agenda-Planning-and-Development-6-22-16.pdf","True",
"FlintMICity","827d2186-3b13-4238-9021-ea60d5d53c14","E:\elance\CityCouncilMeetingProject\CityCouncilMeetingProject\bin\Debug\FlintMICity\Agenda-Finance-7-6-16.pdf","council","https://www.cityofflint.com/city-council/city-council-committee-agendasminutes/
https://www.cityofflint.com/wp-content/uploads/Agenda-Finance-7-6-16.pdf","True",
"FlintMICity","b029823e-914a-48c4-9ade-b815a652e3f0","E:\elance\CityCouncilMeetingProject\CityCouncilMeetingProject\bin\Debug\FlintMICity\Agenda-Governmental-Operations-7-6-16.pdf","council","https://www.cityofflint.com/city-council/city-council-committee-agendasminutes/
https://www.cityofflint.com/wp-content/uploads/Agenda-Governmental-Operations-7-6-16.pdf","True",
"FlintMICity","3e36f0ff-6252-4619-ac3e-dababb672a1f","E:\elance\CityCouncilMeetingProject\CityCouncilMeetingProject\bin\Debug\FlintMICity\Agenda-Legislative-7-6-16.pdf","council","https://www.cityofflint.com/city-council/city-council-committee-agendasminutes/
https://www.cityofflint.com/wp-content/uploads/Agenda-Legislative-7-6-16.pdf","True",
"FlintMICity","b50ae525-c95d-48e0-ab79-2a287f7578c7","E:\elance\CityCouncilMeetingProject\CityCouncilMeetingProject\bin\Debug\FlintMICity\Agenda-Grants-7-6-16.pdf","council","https://www.cityofflint.com/city-council/city-council-committee-agendasminutes/
https://www.cityofflint.com/wp-content/uploads/Agenda-Grants-7-6-16.pdf","True",
"FlintMICity","1dc400fc-d15c-4270-99be-891a11f8c3fd","E:\elance\CityCouncilMeetingProject\CityCouncilMeetingProject\bin\Debug\FlintMICity\Agenda-Finance-7-20-16.pdf","council","https://www.cityofflint.com/city-council/city-council-committee-agendasminutes/
https://www.cityofflint.com/wp-content/uploads/Agenda-Finance-7-20-16.pdf","True",
"FlintMICity","179727da-6fbc-44d6-9186-84500ed4e178","E:\elance\CityCouncilMeetingProject\CityCouncilMeetingProject\bin\Debug\FlintMICity\Agenda-Governmental-Operations-7-20-16.pdf","council","https://www.cityofflint.com/city-council/city-council-committee-agendasminutes/
https://www.cityofflint.com/wp-content/uploads/Agenda-Governmental-Operations-7-20-16.pdf","True",
"FlintMICity","e0ee3a15-4b0f-4131-a55f-d353ac71ff65","E:\elance\CityCouncilMeetingProject\CityCouncilMeetingProject\bin\Debug\FlintMICity\Agenda-Legislative-7-20-16.pdf","council","https://www.cityofflint.com/city-council/city-council-committee-agendasminutes/
https://www.cityofflint.com/wp-content/uploads/Agenda-Legislative-7-20-16.pdf","True",
"FlintMICity","1755dbff-1e80-4f3f-ab79-8aee22fc01ac","E:\elance\CityCouncilMeetingProject\CityCouncilMeetingProject\bin\Debug\FlintMICity\Agenda-Grants-7-20-16.pdf","council","https://www.cityofflint.com/city-council/city-council-committee-agendasminutes/
https://www.cityofflint.com/wp-content/uploads/Agenda-Grants-7-20-16.pdf","True",
"FlintMICity","8142b814-0aea-4cca-b9d2-1215c14aa791","E:\elance\CityCouncilMeetingProject\CityCouncilMeetingProject\bin\Debug\FlintMICity\Agenda-Finance-Committee-8-3-16.pdf","council","https://www.cityofflint.com/city-council/city-council-committee-agendasminutes/
https://www.cityofflint.com/wp-content/uploads/Agenda-Finance-Committee-8-3-16.pdf","True",
"FlintMICity","06d176af-7698-47e3-b72d-20e3c0a4ae23","E:\elance\CityCouncilMeetingProject\CityCouncilMeetingProject\bin\Debug\FlintMICity\Agenda-Governmental-Operations-8-3-16.pdf","council","https://www.cityofflint.com/city-council/city-council-committee-agendasminutes/
https://www.cityofflint.com/wp-content/uploads/Agenda-Governmental-Operations-8-3-16.pdf","True",
"FlintMICity","cf4020fb-ed90-48bb-8263-db20ccf6cc77","E:\elance\CityCouncilMeetingProject\CityCouncilMeetingProject\bin\Debug\FlintMICity\Agenda-Legislative-amended-8-3-16.pdf","council","https://www.cityofflint.com/city-council/city-council-committee-agendasminutes/
https://www.cityofflint.com/wp-content/uploads/Agenda-Legislative-amended-8-3-16.pdf","True",
"FlintMICity","5702f640-1cc7-49f9-a63b-722ee77106e8","E:\elance\CityCouncilMeetingProject\CityCouncilMeetingProject\bin\Debug\FlintMICity\Agenda-Grants-8-3-16.pdf","council","https://www.cityofflint.com/city-council/city-council-committee-agendasminutes/
https://www.cityofflint.com/wp-content/uploads/Agenda-Grants-8-3-16.pdf","True",
"FlintMICity","e105d791-53cd-4131-b6a4-04d3aaebb0d1","E:\elance\CityCouncilMeetingProject\CityCouncilMeetingProject\bin\Debug\FlintMICity\Agenda-Finance-Committee-8-17-16.pdf","council","https://www.cityofflint.com/city-council/city-council-committee-agendasminutes/
https://www.cityofflint.com/wp-content/uploads/Agenda-Finance-Committee-8-17-16.pdf","True",
"FlintMICity","bf01a32e-bd5e-4b80-890f-ab7d52f09589","E:\elance\CityCouncilMeetingProject\CityCouncilMeetingProject\bin\Debug\FlintMICity\Agenda-Governmental-Operations-8-17-16.pdf","council","https://www.cityofflint.com/city-council/city-council-committee-agendasminutes/
https://www.cityofflint.com/wp-content/uploads/Agenda-Governmental-Operations-8-17-16.pdf","True",
"FlintMICity","157c9aac-7c8b-4881-9ccd-2672f4795ed8","E:\elance\CityCouncilMeetingProject\CityCouncilMeetingProject\bin\Debug\FlintMICity\Agenda-Legislative-8-17-16.pdf","council","https://www.cityofflint.com/city-council/city-council-committee-agendasminutes/
https://www.cityofflint.com/wp-content/uploads/Agenda-Legislative-8-17-16.pdf","True",
"FlintMICity","b92a46d1-2102-4ad1-b71a-f1d3c68e81ef","E:\elance\CityCouncilMeetingProject\CityCouncilMeetingProject\bin\Debug\FlintMICity\Agenda-Grants-8-17-16.pdf","council","https://www.cityofflint.com/city-council/city-council-committee-agendasminutes/
https://www.cityofflint.com/wp-content/uploads/Agenda-Grants-8-17-16.pdf","True",
"FlintMICity","a444ad4e-6138-4a75-be72-4f7d49c31d69","E:\elance\CityCouncilMeetingProject\CityCouncilMeetingProject\bin\Debug\FlintMICity\Agenda-Finance-9-7-16.pdf","council","https://www.cityofflint.com/city-council/city-council-committee-agendasminutes/
https://www.cityofflint.com/wp-content/uploads/Agenda-Finance-9-7-16.pdf","True",
"FlintMICity","45febd95-ae45-4ce9-bbc8-d15492a17526","E:\elance\CityCouncilMeetingProject\CityCouncilMeetingProject\bin\Debug\FlintMICity\Agenda-Governmental-Operations-9-7-16.pdf","council","https://www.cityofflint.com/city-council/city-council-committee-agendasminutes/
https://www.cityofflint.com/wp-content/uploads/Agenda-Governmental-Operations-9-7-16.pdf","True",
"FlintMICity","cbc222ff-c082-4905-aebf-a2e4e3ab7a9a","E:\elance\CityCouncilMeetingProject\CityCouncilMeetingProject\bin\Debug\FlintMICity\Agenda-Legislative-9-7-16.pdf","council","https://www.cityofflint.com/city-council/city-council-committee-agendasminutes/
https://www.cityofflint.com/wp-content/uploads/Agenda-Legislative-9-7-16.pdf","True",
"FlintMICity","e4a23320-b66a-48e3-ad08-201e1bab96b6","E:\elance\CityCouncilMeetingProject\CityCouncilMeetingProject\bin\Debug\FlintMICity\Agenda-Grants-9-7-16.pdf","council","https://www.cityofflint.com/city-council/city-council-committee-agendasminutes/
https://www.cityofflint.com/wp-content/uploads/Agenda-Grants-9-7-16.pdf","True",
"FlintMICity","93ce7da1-a20f-4ff6-94f0-dba420d80bd4","E:\elance\CityCouncilMeetingProject\CityCouncilMeetingProject\bin\Debug\FlintMICity\Agenda-Finance-9-21-16.pdf","council","https://www.cityofflint.com/city-council/city-council-committee-agendasminutes/
https://www.cityofflint.com/wp-content/uploads/Agenda-Finance-9-21-16.pdf","True",
"FlintMICity","915a22e2-dcb4-48c8-bc39-543828840843","E:\elance\CityCouncilMeetingProject\CityCouncilMeetingProject\bin\Debug\FlintMICity\Agenda-Governmental-Operations-9-21-16.pdf","council","https://www.cityofflint.com/city-council/city-council-committee-agendasminutes/
https://www.cityofflint.com/wp-content/uploads/Agenda-Governmental-Operations-9-21-16.pdf","True",
"FlintMICity","27c66d46-958f-4c69-a23e-88fc0d112a7e","E:\elance\CityCouncilMeetingProject\CityCouncilMeetingProject\bin\Debug\FlintMICity\Agenda-Legislative-9-21-16.pdf","council","https://www.cityofflint.com/city-council/city-council-committee-agendasminutes/
https://www.cityofflint.com/wp-content/uploads/Agenda-Legislative-9-21-16.pdf","True",
"FlintMICity","f90c7020-5b83-435e-80db-eb867a433f2b","E:\elance\CityCouncilMeetingProject\CityCouncilMeetingProject\bin\Debug\FlintMICity\Agenda-Grants-9-21-16.pdf","council","https://www.cityofflint.com/city-council/city-council-committee-agendasminutes/
https://www.cityofflint.com/wp-content/uploads/Agenda-Grants-9-21-16.pdf","True",
"FlintMICity","b840a6ec-1d29-4053-9ec1-92a5d3e68bdd","E:\elance\CityCouncilMeetingProject\CityCouncilMeetingProject\bin\Debug\FlintMICity\Amended-Agenda-Finance-10-5-16.pdf","council","https://www.cityofflint.com/city-council/city-council-committee-agendasminutes/
https://www.cityofflint.com/wp-content/uploads/Amended-Agenda-Finance-10-5-16.pdf","True",
"FlintMICity","192757f2-1ba1-4100-98a7-8ee725cb8101","E:\elance\CityCouncilMeetingProject\CityCouncilMeetingProject\bin\Debug\FlintMICity\Agenda-Governmental-Operations-10-5-16.pdf","council","https://www.cityofflint.com/city-council/city-council-committee-agendasminutes/
https://www.cityofflint.com/wp-content/uploads/Agenda-Governmental-Operations-10-5-16.pdf","True",
"FlintMICity","12d708ed-8674-4f6f-b7b5-cd74d75818bd","E:\elance\CityCouncilMeetingProject\CityCouncilMeetingProject\bin\Debug\FlintMICity\Agenda-Legislative-10-5-16.pdf","council","https://www.cityofflint.com/city-council/city-council-committee-agendasminutes/
https://www.cityofflint.com/wp-content/uploads/Agenda-Legislative-10-5-16.pdf","True",
"FlintMICity","a4072bba-30d6-4fe7-a875-2cc56c40fc5d","E:\elance\CityCouncilMeetingProject\CityCouncilMeetingProject\bin\Debug\FlintMICity\Agenda-Grants-10-5-16.pdf","council","https://www.cityofflint.com/city-council/city-council-committee-agendasminutes/
https://www.cityofflint.com/wp-content/uploads/Agenda-Grants-10-5-16.pdf","True",
"FlintMICity","f5883fd6-904b-4e7d-953a-48e0016fd1bf","E:\elance\CityCouncilMeetingProject\CityCouncilMeetingProject\bin\Debug\FlintMICity\Agenda-Finance-10-19-16.pdf","council","https://www.cityofflint.com/city-council/city-council-committee-agendasminutes/
https://www.cityofflint.com/wp-content/uploads/Agenda-Finance-10-19-16.pdf","True",
"FlintMICity","192c4687-02b9-4d40-938b-4f5ee0941ac8","E:\elance\CityCouncilMeetingProject\CityCouncilMeetingProject\bin\Debug\FlintMICity\Agenda-Governmental-Operations-10-19-16.pdf","council","https://www.cityofflint.com/city-council/city-council-committee-agendasminutes/
https://www.cityofflint.com/wp-content/uploads/Agenda-Governmental-Operations-10-19-16.pdf","True",
"FlintMICity","08a1f983-044b-44f0-b76f-ea60b1daafaf","E:\elance\CityCouncilMeetingProject\CityCouncilMeetingProject\bin\Debug\FlintMICity\Agenda-Legislative-10-19-16.pdf","council","https://www.cityofflint.com/city-council/city-council-committee-agendasminutes/
https://www.cityofflint.com/wp-content/uploads/Agenda-Legislative-10-19-16.pdf","True",
"FlintMICity","26c16730-3b04-4618-948e-89bf41f9e4b8","E:\elance\CityCouncilMeetingProject\CityCouncilMeetingProject\bin\Debug\FlintMICity\Agenda-Grants-10-19-16.pdf","council","https://www.cityofflint.com/city-council/city-council-committee-agendasminutes/
https://www.cityofflint.com/wp-content/uploads/Agenda-Grants-10-19-16.pdf","True",
"FlintMICity","98bcc024-0bc4-4f84-976a-ae92c67afc84","E:\elance\CityCouncilMeetingProject\CityCouncilMeetingProject\bin\Debug\FlintMICity\Agenda-Finance-11-9-16.pdf","council","https://www.cityofflint.com/city-council/city-council-committee-agendasminutes/
https://www.cityofflint.com/wp-content/uploads/Agenda-Finance-11-9-16.pdf","True",
"FlintMICity","f4a483de-6c68-4413-8dc3-deb6b22371ca","E:\elance\CityCouncilMeetingProject\CityCouncilMeetingProject\bin\Debug\FlintMICity\Agenda-Governmental-Operations-11-9-16.pdf","council","https://www.cityofflint.com/city-council/city-council-committee-agendasminutes/
https://www.cityofflint.com/wp-content/uploads/Agenda-Governmental-Operations-11-9-16.pdf","True",
"FlintMICity","f187c82a-8151-494f-a3f3-d722b05d162c","E:\elance\CityCouncilMeetingProject\CityCouncilMeetingProject\bin\Debug\FlintMICity\Agenda-Legislative-11-9-16.pdf","council","https://www.cityofflint.com/city-council/city-council-committee-agendasminutes/
https://www.cityofflint.com/wp-content/uploads/Agenda-Legislative-11-9-16.pdf","True",
"FlintMICity","4ae54db4-d945-45f7-b04e-4291bfe71b28","E:\elance\CityCouncilMeetingProject\CityCouncilMeetingProject\bin\Debug\FlintMICity\Agenda-Grants-11-9-16.pdf","council","https://www.cityofflint.com/city-council/city-council-committee-agendasminutes/
https://www.cityofflint.com/wp-content/uploads/Agenda-Grants-11-9-16.pdf","True",
"FlintMICity","5c8ee452-6147-44f3-b5d8-15db846ead6d","E:\elance\CityCouncilMeetingProject\CityCouncilMeetingProject\bin\Debug\FlintMICity\Agenda-Finance-11-22-16.pdf","council","https://www.cityofflint.com/city-council/city-council-committee-agendasminutes/
https://www.cityofflint.com/wp-content/uploads/Agenda-Finance-11-22-16.pdf","True",
"FlintMICity","47650891-f4e9-41a0-8867-cf52df818c75","E:\elance\CityCouncilMeetingProject\CityCouncilMeetingProject\bin\Debug\FlintMICity\Agenda-Governmental-Operations-11-22-16.pdf","council","https://www.cityofflint.com/city-council/city-council-committee-agendasminutes/
https://www.cityofflint.com/wp-content/uploads/Agenda-Governmental-Operations-11-22-16.pdf","True",
"FlintMICity","8d0762df-bca3-4283-9fce-a0a178b522f3","E:\elance\CityCouncilMeetingProject\CityCouncilMeetingProject\bin\Debug\FlintMICity\Agenda-Legislative-11-22-16.pdf","council","https://www.cityofflint.com/city-council/city-council-committee-agendasminutes/
https://www.cityofflint.com/wp-content/uploads/Agenda-Legislative-11-22-16.pdf","True",
"FlintMICity","bae58390-dc18-4090-bfbf-78c560e80a81","E:\elance\CityCouncilMeetingProject\CityCouncilMeetingProject\bin\Debug\FlintMICity\Agenda-Grants-11-22-16.pdf","council","https://www.cityofflint.com/city-council/city-council-committee-agendasminutes/
https://www.cityofflint.com/wp-content/uploads/Agenda-Grants-11-22-16.pdf","True",
"FlintMICity","ebe39df1-6b5b-47f5-b9e6-57e20514ac3d","E:\elance\CityCouncilMeetingProject\CityCouncilMeetingProject\bin\Debug\FlintMICity\Amended-Agenda-Finance-12-7-16.pdf","council","https://www.cityofflint.com/city-council/city-council-committee-agendasminutes/
https://www.cityofflint.com/wp-content/uploads/Amended-Agenda-Finance-12-7-16.pdf","True",
"FlintMICity","396c31cd-d964-414a-82dc-915729a54433","E:\elance\CityCouncilMeetingProject\CityCouncilMeetingProject\bin\Debug\FlintMICity\Agenda-Governmental-Operations-12-7-16.pdf","council","https://www.cityofflint.com/city-council/city-council-committee-agendasminutes/
https://www.cityofflint.com/wp-content/uploads/Agenda-Governmental-Operations-12-7-16.pdf","True",
"FlintMICity","7cfa4629-96db-446b-a919-3155ee640f5a","E:\elance\CityCouncilMeetingProject\CityCouncilMeetingProject\bin\Debug\FlintMICity\Agenda-Legislative-12-7-16.pdf","council","https://www.cityofflint.com/city-council/city-council-committee-agendasminutes/
https://www.cityofflint.com/wp-content/uploads/Agenda-Legislative-12-7-16.pdf","True",
"FlintMICity","2a9e31c5-1ec2-4db4-96a5-efd8d218ae66","E:\elance\CityCouncilMeetingProject\CityCouncilMeetingProject\bin\Debug\FlintMICity\Agenda-Grants-12-7-16.pdf","council","https://www.cityofflint.com/city-council/city-council-committee-agendasminutes/
https://www.cityofflint.com/wp-content/uploads/Agenda-Grants-12-7-16.pdf","True",
"FlintMICity","e164bcb3-5bc6-4d36-8cc7-ce72b733a828","E:\elance\CityCouncilMeetingProject\CityCouncilMeetingProject\bin\Debug\FlintMICity\Agenda-Finance-12-20-16.pdf","council","https://www.cityofflint.com/city-council/city-council-committee-agendasminutes/
https://www.cityofflint.com/wp-content/uploads/Agenda-Finance-12-20-16.pdf","True",
"FlintMICity","b3364ce8-a5e8-4d1f-9a60-00dd87823899","E:\elance\CityCouncilMeetingProject\CityCouncilMeetingProject\bin\Debug\FlintMICity\Agenda-Governmental-Operations-amended-12-20-16.pdf","council","https://www.cityofflint.com/city-council/city-council-committee-agendasminutes/
https://www.cityofflint.com/wp-content/uploads/Agenda-Governmental-Operations-amended-12-20-16.pdf","True",
"FlintMICity","3ceb6376-c576-4407-a7ea-4fcafe0a3b3c","E:\elance\CityCouncilMeetingProject\CityCouncilMeetingProject\bin\Debug\FlintMICity\Agenda-Legislative-12-20-16.pdf","council","https://www.cityofflint.com/city-council/city-council-committee-agendasminutes/
https://www.cityofflint.com/wp-content/uploads/Agenda-Legislative-12-20-16.pdf","True",
"FlintMICity","6512d61f-bd9f-4a20-9bd2-76a64f7a288b","E:\elance\CityCouncilMeetingProject\CityCouncilMeetingProject\bin\Debug\FlintMICity\Agenda-Grants-12-20-16.pdf","council","https://www.cityofflint.com/city-council/city-council-committee-agendasminutes/
https://www.cityofflint.com/wp-content/uploads/Agenda-Grants-12-20-16.pdf","True",
"FlintMICity","decd75aa-1e49-4b92-a606-51f4ee4f6b1f","E:\elance\CityCouncilMeetingProject\CityCouncilMeetingProject\bin\Debug\FlintMICity\Agenda-Finance-1-4-17.pdf","council","https://www.cityofflint.com/city-council/city-council-committee-agendasminutes/
https://www.cityofflint.com/wp-content/uploads/Agenda-Finance-1-4-17.pdf","True",
"FlintMICity","41e23add-1bf8-495e-b75d-38612cd6d355","E:\elance\CityCouncilMeetingProject\CityCouncilMeetingProject\bin\Debug\FlintMICity\Agenda-Governmental-Operations-1-4-17.pdf","council","https://www.cityofflint.com/city-council/city-council-committee-agendasminutes/
https://www.cityofflint.com/wp-content/uploads/Agenda-Governmental-Operations-1-4-17.pdf","True",
"FlintMICity","9ce48079-a207-44cb-ab9a-cb714518de78","E:\elance\CityCouncilMeetingProject\CityCouncilMeetingProject\bin\Debug\FlintMICity\Agenda-Legislative-1-4-17.pdf","council","https://www.cityofflint.com/city-council/city-council-committee-agendasminutes/
https://www.cityofflint.com/wp-content/uploads/Agenda-Legislative-1-4-17.pdf","True",
"FlintMICity","485df61f-926c-432d-b886-ac63295604cc","E:\elance\CityCouncilMeetingProject\CityCouncilMeetingProject\bin\Debug\FlintMICity\Agenda-Grants-1-4-17.pdf","council","https://www.cityofflint.com/city-council/city-council-committee-agendasminutes/
https://www.cityofflint.com/wp-content/uploads/Agenda-Grants-1-4-17.pdf","True",
"FlintMICity","f2cfddd5-567e-4407-b202-fa2dc54fa45a","E:\elance\CityCouncilMeetingProject\CityCouncilMeetingProject\bin\Debug\FlintMICity\Agenda-Finance-1-18-17.pdf","council","https://www.cityofflint.com/city-council/city-council-committee-agendasminutes/
https://www.cityofflint.com/wp-content/uploads/Agenda-Finance-1-18-17.pdf","True",
"FlintMICity","79ff0ff4-4790-495f-ab37-5f4b05fd3051","E:\elance\CityCouncilMeetingProject\CityCouncilMeetingProject\bin\Debug\FlintMICity\Agenda-Governmental-Operations-1-18-17.pdf","council","https://www.cityofflint.com/city-council/city-council-committee-agendasminutes/
https://www.cityofflint.com/wp-content/uploads/Agenda-Governmental-Operations-1-18-17.pdf","True",
"FlintMICity","77d6e4c9-16b4-44c4-8c8b-348a32e29a95","E:\elance\CityCouncilMeetingProject\CityCouncilMeetingProject\bin\Debug\FlintMICity\Agenda-Legislative-1-18-17.pdf","council","https://www.cityofflint.com/city-council/city-council-committee-agendasminutes/
https://www.cityofflint.com/wp-content/uploads/Agenda-Legislative-1-18-17.pdf","True",
"FlintMICity","71c4fa11-90ea-4dbe-a4e4-6d937024baaf","E:\elance\CityCouncilMeetingProject\CityCouncilMeetingProject\bin\Debug\FlintMICity\Agenda-Grants-1-18-17.pdf","council","https://www.cityofflint.com/city-council/city-council-committee-agendasminutes/
https://www.cityofflint.com/wp-content/uploads/Agenda-Grants-1-18-17.pdf","True",
"FlintMICity","18ea7a24-e00c-4647-95e3-366817609f0f","E:\elance\CityCouncilMeetingProject\CityCouncilMeetingProject\bin\Debug\FlintMICity\Agenda-Finance-2-8-17.pdf","council","https://www.cityofflint.com/city-council/city-council-committee-agendasminutes/
https://www.cityofflint.com/wp-content/uploads/Agenda-Finance-2-8-17.pdf","True",
"FlintMICity","305c2f2c-040e-498d-8cf2-047db0027c8c","E:\elance\CityCouncilMeetingProject\CityCouncilMeetingProject\bin\Debug\FlintMICity\Agenda-Governmental-Operations-2-8-17.pdf","council","https://www.cityofflint.com/city-council/city-council-committee-agendasminutes/
https://www.cityofflint.com/wp-content/uploads/Agenda-Governmental-Operations-2-8-17.pdf","True",
"FlintMICity","8b308ca0-8744-4f48-853f-37aa26db2bf9","E:\elance\CityCouncilMeetingProject\CityCouncilMeetingProject\bin\Debug\FlintMICity\Agenda-Legislative-2-8-17.pdf","council","https://www.cityofflint.com/city-council/city-council-committee-agendasminutes/
https://www.cityofflint.com/wp-content/uploads/Agenda-Legislative-2-8-17.pdf","True",
"FlintMICity","b0d9c499-14ef-459c-881b-0ca8d9c1ea50","E:\elance\CityCouncilMeetingProject\CityCouncilMeetingProject\bin\Debug\FlintMICity\Agenda-Grants-2-8-17.pdf","council","https://www.cityofflint.com/city-council/city-council-committee-agendasminutes/
https://www.cityofflint.com/wp-content/uploads/Agenda-Grants-2-8-17.pdf","True",
"FlintMICity","336cebc5-d36d-4587-9dfb-1d20d6719966","E:\elance\CityCouncilMeetingProject\CityCouncilMeetingProject\bin\Debug\FlintMICity\Agenda-Finance-2-22-17.pdf","council","https://www.cityofflint.com/city-council/city-council-committee-agendasminutes/
https://www.cityofflint.com/wp-content/uploads/Agenda-Finance-2-22-17.pdf","True",
"FlintMICity","864c621d-f3f1-46c5-b280-8ea0ac5a7b1b","E:\elance\CityCouncilMeetingProject\CityCouncilMeetingProject\bin\Debug\FlintMICity\Agenda-Governmental-Operations-2-22-17.pdf","council","https://www.cityofflint.com/city-council/city-council-committee-agendasminutes/
https://www.cityofflint.com/wp-content/uploads/Agenda-Governmental-Operations-2-22-17.pdf","True",
"FlintMICity","cbe6c611-2b5b-4988-9796-a9bc8f6ccac8","E:\elance\CityCouncilMeetingProject\CityCouncilMeetingProject\bin\Debug\FlintMICity\Agenda-Legislative-2-22-17.pdf","council","https://www.cityofflint.com/city-council/city-council-committee-agendasminutes/
https://www.cityofflint.com/wp-content/uploads/Agenda-Legislative-2-22-17.pdf","True",
"FlintMICity","2a7c865d-1a11-466c-bcf4-8b9cbbbf8a45","E:\elance\CityCouncilMeetingProject\CityCouncilMeetingProject\bin\Debug\FlintMICity\Agenda-Grants-2-22-17.pdf","council","https://www.cityofflint.com/city-council/city-council-committee-agendasminutes/
https://www.cityofflint.com/wp-content/uploads/Agenda-Grants-2-22-17.pdf","True",
"FlintMICity","497be16f-f9dc-4206-ac13-91329a85945f","E:\elance\CityCouncilMeetingProject\CityCouncilMeetingProject\bin\Debug\FlintMICity\Agenda-Finance-3-8-17.pdf","council","https://www.cityofflint.com/city-council/city-council-committee-agendasminutes/
https://www.cityofflint.com/wp-content/uploads/Agenda-Finance-3-8-17.pdf","True",
"FlintMICity","4bf96cf8-6882-45ad-809f-37070841ab51","E:\elance\CityCouncilMeetingProject\CityCouncilMeetingProject\bin\Debug\FlintMICity\Agenda-Governmental-Operations-3-8-17.pdf","council","https://www.cityofflint.com/city-council/city-council-committee-agendasminutes/
https://www.cityofflint.com/wp-content/uploads/Agenda-Governmental-Operations-3-8-17.pdf","True",
"FlintMICity","6735e945-a975-4521-9478-15ec68e955c2","E:\elance\CityCouncilMeetingProject\CityCouncilMeetingProject\bin\Debug\FlintMICity\Agenda-Legislative-3-8-17.pdf","council","https://www.cityofflint.com/city-council/city-council-committee-agendasminutes/
https://www.cityofflint.com/wp-content/uploads/Agenda-Legislative-3-8-17.pdf","True",
"FlintMICity","03786e7e-c3a6-4a95-bfa2-0a81077fa0d8","E:\elance\CityCouncilMeetingProject\CityCouncilMeetingProject\bin\Debug\FlintMICity\Agenda-Grants-3-8-17.pdf","council","https://www.cityofflint.com/city-council/city-council-committee-agendasminutes/
https://www.cityofflint.com/wp-content/uploads/Agenda-Grants-3-8-17.pdf","True",
"FlintMICity","172bf57f-58c1-4f36-b196-444482bd689d","E:\elance\CityCouncilMeetingProject\CityCouncilMeetingProject\bin\Debug\FlintMICity\Agenda-Committee-of-the-Whole-1-11-16.pdf","council","https://www.cityofflint.com/city-council/city-council-agendasminutes/
https://www.cityofflint.com/wp-content/uploads/Agenda-Committee-of-the-Whole-1-11-16.pdf","True",
"FlintMICity","2ad7a9d2-3c75-484b-80d9-63713bcf7516","E:\elance\CityCouncilMeetingProject\CityCouncilMeetingProject\bin\Debug\FlintMICity\Agenda-City-Council-1-11-16.pdf","council","https://www.cityofflint.com/city-council/city-council-agendasminutes/
https://www.cityofflint.com/wp-content/uploads/Agenda-City-Council-1-11-16.pdf","True",
"FlintMICity","5cca6c9c-8ac5-4fda-8d8a-cf96ffcee837","E:\elance\CityCouncilMeetingProject\CityCouncilMeetingProject\bin\Debug\FlintMICity\Minutes-City-Council-1-11-16.pdf","council","https://www.cityofflint.com/city-council/city-council-agendasminutes/
https://www.cityofflint.com/wp-content/uploads/Minutes-City-Council-1-11-16.pdf","True",
"FlintMICity","f3a2fbca-c7f6-4af1-b043-6eb000d906b9","E:\elance\CityCouncilMeetingProject\CityCouncilMeetingProject\bin\Debug\FlintMICity\Agenda-Special-City-Council-1-21-16.pdf","council","https://www.cityofflint.com/city-council/city-council-agendasminutes/
https://www.cityofflint.com/wp-content/uploads/Agenda-Special-City-Council-1-21-16.pdf","True",
"FlintMICity","78c7dbd7-2dee-4ce6-8aa2-1e93e2123b38","E:\elance\CityCouncilMeetingProject\CityCouncilMeetingProject\bin\Debug\FlintMICity\Minutes-SCC-1-21-16.pdf","council","https://www.cityofflint.com/city-council/city-council-agendasminutes/
https://www.cityofflint.com/wp-content/uploads/Minutes-SCC-1-21-16.pdf","True",
"FlintMICity","53e4c5b5-e9fd-42c2-be5a-062daa9324fb","E:\elance\CityCouncilMeetingProject\CityCouncilMeetingProject\bin\Debug\FlintMICity\Agenda-Committee-of-the-Whole-1-25-161.pdf","council","https://www.cityofflint.com/city-council/city-council-agendasminutes/
https://www.cityofflint.com/wp-content/uploads/Agenda-Committee-of-the-Whole-1-25-161.pdf","True",
"FlintMICity","f7908e0a-3660-4ebb-8b2b-78383c0b390b","E:\elance\CityCouncilMeetingProject\CityCouncilMeetingProject\bin\Debug\FlintMICity\Agenda-City-Council-1-25-16.pdf","council","https://www.cityofflint.com/city-council/city-council-agendasminutes/
https://www.cityofflint.com/wp-content/uploads/Agenda-City-Council-1-25-16.pdf","True",
"FlintMICity","b2a4774b-82c0-4f44-b6ce-f17c638cf953","E:\elance\CityCouncilMeetingProject\CityCouncilMeetingProject\bin\Debug\FlintMICity\Minutes-City-Council-1-25-16.pdf","council","https://www.cityofflint.com/city-council/city-council-agendasminutes/
https://www.cityofflint.com/wp-content/uploads/Minutes-City-Council-1-25-16.pdf","True",
"FlintMICity","2e4dc958-91ae-429d-91e1-63ee662c1e78","E:\elance\CityCouncilMeetingProject\CityCouncilMeetingProject\bin\Debug\FlintMICity\Agenda-Committee-of-the-Whole-2-8-16.pdf","council","https://www.cityofflint.com/city-council/city-council-agendasminutes/
https://www.cityofflint.com/wp-content/uploads/Agenda-Committee-of-the-Whole-2-8-16.pdf","True",
"FlintMICity","13b1ad4b-5b6e-44a1-80c6-67f909d72455","E:\elance\CityCouncilMeetingProject\CityCouncilMeetingProject\bin\Debug\FlintMICity\Agenda-City-Council-2-8-16.pdf","council","https://www.cityofflint.com/city-council/city-council-agendasminutes/
https://www.cityofflint.com/wp-content/uploads/Agenda-City-Council-2-8-16.pdf","True",
"FlintMICity","81b5d9d1-d8a5-42d1-8dc9-a0770ab786c9","E:\elance\CityCouncilMeetingProject\CityCouncilMeetingProject\bin\Debug\FlintMICity\Minutes-City-Council-2-8-16.pdf","council","https://www.cityofflint.com/city-council/city-council-agendasminutes/
https://www.cityofflint.com/wp-content/uploads/Minutes-City-Council-2-8-16.pdf","True",
"FlintMICity","c815012c-5b96-4cd0-9cdc-e5be55e0d4ae","E:\elance\CityCouncilMeetingProject\CityCouncilMeetingProject\bin\Debug\FlintMICity\Agenda-Committee-of-the-Whole-2-22-16.pdf","council","https://www.cityofflint.com/city-council/city-council-agendasminutes/
https://www.cityofflint.com/wp-content/uploads/Agenda-Committee-of-the-Whole-2-22-16.pdf","True",
"FlintMICity","f3ee82ed-8f18-480e-a6d6-fbad97f76cec","E:\elance\CityCouncilMeetingProject\CityCouncilMeetingProject\bin\Debug\FlintMICity\Agenda-City-Council-2-22-16.pdf","council","https://www.cityofflint.com/city-council/city-council-agendasminutes/
https://www.cityofflint.com/wp-content/uploads/Agenda-City-Council-2-22-16.pdf","True",
"FlintMICity","aee591fc-b91d-4fbb-9c2a-09451816cfc6","E:\elance\CityCouncilMeetingProject\CityCouncilMeetingProject\bin\Debug\FlintMICity\Minutes-City-Council-2-22-16.pdf","council","https://www.cityofflint.com/city-council/city-council-agendasminutes/
https://www.cityofflint.com/wp-content/uploads/Minutes-City-Council-2-22-16.pdf","True",
"FlintMICity","bd9fc845-e0cf-48dd-a772-c087c20bf176","E:\elance\CityCouncilMeetingProject\CityCouncilMeetingProject\bin\Debug\FlintMICity\Agenda-Committee-of-the-Whole-3-14-16.pdf","council","https://www.cityofflint.com/city-council/city-council-agendasminutes/
https://www.cityofflint.com/wp-content/uploads/Agenda-Committee-of-the-Whole-3-14-16.pdf","True",
"FlintMICity","91f9a1d2-df69-4126-b7a6-e20464468dd8","E:\elance\CityCouncilMeetingProject\CityCouncilMeetingProject\bin\Debug\FlintMICity\Agenda-City-Council-3-14-16.pdf","council","https://www.cityofflint.com/city-council/city-council-agendasminutes/
https://www.cityofflint.com/wp-content/uploads/Agenda-City-Council-3-14-16.pdf","True",
"FlintMICity","157f408c-0f57-40ce-aeb5-239d44f7602b","E:\elance\CityCouncilMeetingProject\CityCouncilMeetingProject\bin\Debug\FlintMICity\Minutes-City-Council-3-14-16.pdf","council","https://www.cityofflint.com/city-council/city-council-agendasminutes/
https://www.cityofflint.com/wp-content/uploads/Minutes-City-Council-3-14-16.pdf","True",
"FlintMICity","5f951e0f-3dc0-467f-bf90-644fdd69efd1","E:\elance\CityCouncilMeetingProject\CityCouncilMeetingProject\bin\Debug\FlintMICity\Agenda-Committee-of-the-Whole-3-28-16.pdf","council","https://www.cityofflint.com/city-council/city-council-agendasminutes/
https://www.cityofflint.com/wp-content/uploads/Agenda-Committee-of-the-Whole-3-28-16.pdf","True",
"FlintMICity","cbd784a1-e726-4b32-8209-95bb8e59ddfe","E:\elance\CityCouncilMeetingProject\CityCouncilMeetingProject\bin\Debug\FlintMICity\Agenda-City-Council-3-28-16.pdf","council","https://www.cityofflint.com/city-council/city-council-agendasminutes/
https://www.cityofflint.com/wp-content/uploads/Agenda-City-Council-3-28-16.pdf","True",
"FlintMICity","99d68142-83fb-4f61-bf5a-fa59fab37e82","E:\elance\CityCouncilMeetingProject\CityCouncilMeetingProject\bin\Debug\FlintMICity\Minutes-City-Council-3-28-16.pdf","council","https://www.cityofflint.com/city-council/city-council-agendasminutes/
https://www.cityofflint.com/wp-content/uploads/Minutes-City-Council-3-28-16.pdf","True",
"FlintMICity","51004e18-8941-4926-a582-bf765fdad888","E:\elance\CityCouncilMeetingProject\CityCouncilMeetingProject\bin\Debug\FlintMICity\Agenda-Special-City-Council-4-4-16.pdf","council","https://www.cityofflint.com/city-council/city-council-agendasminutes/
https://www.cityofflint.com/wp-content/uploads/Agenda-Special-City-Council-4-4-16.pdf","True",
"FlintMICity","1183c4c6-d996-4a12-821e-d8c92bf500b4","E:\elance\CityCouncilMeetingProject\CityCouncilMeetingProject\bin\Debug\FlintMICity\Minutes-Special-City-Council-4-4-16.pdf","council","https://www.cityofflint.com/city-council/city-council-agendasminutes/
https://www.cityofflint.com/wp-content/uploads/Minutes-Special-City-Council-4-4-16.pdf","True",
"FlintMICity","de82d557-f5e0-4148-b357-f779fab3c0cf","E:\elance\CityCouncilMeetingProject\CityCouncilMeetingProject\bin\Debug\FlintMICity\Agenda-Committee-of-the-Whole-4-11-16.pdf","council","https://www.cityofflint.com/city-council/city-council-agendasminutes/
https://www.cityofflint.com/wp-content/uploads/Agenda-Committee-of-the-Whole-4-11-16.pdf","True",
"FlintMICity","de4808bf-dee9-47ee-953e-144115ad32fd","E:\elance\CityCouncilMeetingProject\CityCouncilMeetingProject\bin\Debug\FlintMICity\Agenda-City-Council-4-11-16.pdf","council","https://www.cityofflint.com/city-council/city-council-agendasminutes/
https://www.cityofflint.com/wp-content/uploads/Agenda-City-Council-4-11-16.pdf","True",
"FlintMICity","a0d7ca18-1880-44d3-bf74-22edf8783bae","E:\elance\CityCouncilMeetingProject\CityCouncilMeetingProject\bin\Debug\FlintMICity\Minutes-City-Council-4-11-16.pdf","council","https://www.cityofflint.com/city-council/city-council-agendasminutes/
https://www.cityofflint.com/wp-content/uploads/Minutes-City-Council-4-11-16.pdf","True",
"FlintMICity","a41019f3-2575-4808-ac07-dfee1fe93fe9","E:\elance\CityCouncilMeetingProject\CityCouncilMeetingProject\bin\Debug\FlintMICity\Agenda-Committee-of-the-Whole-4-25-16.pdf","council","https://www.cityofflint.com/city-council/city-council-agendasminutes/
https://www.cityofflint.com/wp-content/uploads/Agenda-Committee-of-the-Whole-4-25-16.pdf","True",
"FlintMICity","5c661458-3341-4cf5-9f93-97c834cb23f4","E:\elance\CityCouncilMeetingProject\CityCouncilMeetingProject\bin\Debug\FlintMICity\Agenda-City-Council-4-25-16.pdf","council","https://www.cityofflint.com/city-council/city-council-agendasminutes/
https://www.cityofflint.com/wp-content/uploads/Agenda-City-Council-4-25-16.pdf","True",
"FlintMICity","5d3b26e2-9b25-412d-a030-98703c4afdf1","E:\elance\CityCouncilMeetingProject\CityCouncilMeetingProject\bin\Debug\FlintMICity\Minutes-City-Council-4-25-16.pdf","council","https://www.cityofflint.com/city-council/city-council-agendasminutes/
https://www.cityofflint.com/wp-content/uploads/Minutes-City-Council-4-25-16.pdf","True",
"FlintMICity","3f2737e4-11e3-407b-961c-9d52891fb16d","E:\elance\CityCouncilMeetingProject\CityCouncilMeetingProject\bin\Debug\FlintMICity\Agenda-Special-City-Council-5-3-16.pdf","council","https://www.cityofflint.com/city-council/city-council-agendasminutes/
https://www.cityofflint.com/wp-content/uploads/Agenda-Special-City-Council-5-3-16.pdf","True",
"FlintMICity","8dfe3836-16ea-4541-a47f-ef3ee62b9979","E:\elance\CityCouncilMeetingProject\CityCouncilMeetingProject\bin\Debug\FlintMICity\Minutes-Special-City-Council-5-3-16.pdf","council","https://www.cityofflint.com/city-council/city-council-agendasminutes/
https://www.cityofflint.com/wp-content/uploads/Minutes-Special-City-Council-5-3-16.pdf","True",
"FlintMICity","56dd204d-c759-4110-ae10-54c721ab9933","E:\elance\CityCouncilMeetingProject\CityCouncilMeetingProject\bin\Debug\FlintMICity\Agenda-5-9-16-Committee-of-the-Whole.pdf","council","https://www.cityofflint.com/city-council/city-council-agendasminutes/
https://www.cityofflint.com/wp-content/uploads/Agenda-5-9-16-Committee-of-the-Whole.pdf","True",
"FlintMICity","865e74bd-c4d6-4383-9b22-84e139b334a2","E:\elance\CityCouncilMeetingProject\CityCouncilMeetingProject\bin\Debug\FlintMICity\Agenda-5-9-16-City-Council.pdf","council","https://www.cityofflint.com/city-council/city-council-agendasminutes/
https://www.cityofflint.com/wp-content/uploads/Agenda-5-9-16-City-Council.pdf","True",
"FlintMICity","82270e1b-ac6d-40cd-8ede-27d8cbdea274","E:\elance\CityCouncilMeetingProject\CityCouncilMeetingProject\bin\Debug\FlintMICity\Minutes-City-Council-5-9-2016.pdf","council","https://www.cityofflint.com/city-council/city-council-agendasminutes/
https://www.cityofflint.com/wp-content/uploads/Minutes-City-Council-5-9-2016.pdf","True",
"FlintMICity","17be530f-2e1b-465f-8e82-395db6e6b31f","E:\elance\CityCouncilMeetingProject\CityCouncilMeetingProject\bin\Debug\FlintMICity\Agenda-Committee-of-the-Whole-5-23-16.pdf","council","https://www.cityofflint.com/city-council/city-council-agendasminutes/
https://www.cityofflint.com/wp-content/uploads/Agenda-Committee-of-the-Whole-5-23-16.pdf","True",
"FlintMICity","bf459c4e-1cf3-4c79-b3fe-4ee4bd89ba21","E:\elance\CityCouncilMeetingProject\CityCouncilMeetingProject\bin\Debug\FlintMICity\Agenda-City-Council-5-23-16.pdf","council","https://www.cityofflint.com/city-council/city-council-agendasminutes/
https://www.cityofflint.com/wp-content/uploads/Agenda-City-Council-5-23-16.pdf","True",
"FlintMICity","58bf3a13-97d0-4b5f-8376-756d3c2482b4","E:\elance\CityCouncilMeetingProject\CityCouncilMeetingProject\bin\Debug\FlintMICity\Minutes-City-Council-5-23-16.pdf","council","https://www.cityofflint.com/city-council/city-council-agendasminutes/
https://www.cityofflint.com/wp-content/uploads/Minutes-City-Council-5-23-16.pdf","True",
"FlintMICity","247d20b1-1fa1-4b05-bbc0-9ca86cd94adb","E:\elance\CityCouncilMeetingProject\CityCouncilMeetingProject\bin\Debug\FlintMICity\Agenda-Special-City-Council-5-25-16.pdf","council","https://www.cityofflint.com/city-council/city-council-agendasminutes/
https://www.cityofflint.com/wp-content/uploads/Agenda-Special-City-Council-5-25-16.pdf","True",
"FlintMICity","00efbfa1-bce0-4947-aaf6-5917ea27b38c","E:\elance\CityCouncilMeetingProject\CityCouncilMeetingProject\bin\Debug\FlintMICity\Agenda-Special-City-Council-6-9-16.pdf","council","https://www.cityofflint.com/city-council/city-council-agendasminutes/
https://www.cityofflint.com/wp-content/uploads/Agenda-Special-City-Council-6-9-16.pdf","True",
"FlintMICity","ec78377a-804c-471b-aaa0-f944b8e326e1","E:\elance\CityCouncilMeetingProject\CityCouncilMeetingProject\bin\Debug\FlintMICity\Minutes-Special-City-Council-6-9-16.pdf","council","https://www.cityofflint.com/city-council/city-council-agendasminutes/
https://www.cityofflint.com/wp-content/uploads/Minutes-Special-City-Council-6-9-16.pdf","True",
"FlintMICity","5edec7a2-6aca-497b-b307-591710fb096d","E:\elance\CityCouncilMeetingProject\CityCouncilMeetingProject\bin\Debug\FlintMICity\Agenda-Committee-of-the-Whole-6-13-16.pdf","council","https://www.cityofflint.com/city-council/city-council-agendasminutes/
https://www.cityofflint.com/wp-content/uploads/Agenda-Committee-of-the-Whole-6-13-16.pdf","True",
"FlintMICity","6fef22fb-698e-456b-8bbb-663a1c640103","E:\elance\CityCouncilMeetingProject\CityCouncilMeetingProject\bin\Debug\FlintMICity\Agenda-City-Council-6-13-16.pdf","council","https://www.cityofflint.com/city-council/city-council-agendasminutes/
https://www.cityofflint.com/wp-content/uploads/Agenda-City-Council-6-13-16.pdf","True",
"FlintMICity","0d017ddd-8f19-4a15-b4ba-90bcf24c6001","E:\elance\CityCouncilMeetingProject\CityCouncilMeetingProject\bin\Debug\FlintMICity\Minutes-City-Council-6-13-16.pdf","council","https://www.cityofflint.com/city-council/city-council-agendasminutes/
https://www.cityofflint.com/wp-content/uploads/Minutes-City-Council-6-13-16.pdf","True",
"FlintMICity","2a860d7b-b624-4941-b97c-d92a6b128af8","E:\elance\CityCouncilMeetingProject\CityCouncilMeetingProject\bin\Debug\FlintMICity\Agenda-Committee-of-the-Whole-6-27-16-1.pdf","council","https://www.cityofflint.com/city-council/city-council-agendasminutes/
https://www.cityofflint.com/wp-content/uploads/Agenda-Committee-of-the-Whole-6-27-16-1.pdf","True",
"FlintMICity","f3bfe163-db3e-4b37-8d58-f7cb4553c3bb","E:\elance\CityCouncilMeetingProject\CityCouncilMeetingProject\bin\Debug\FlintMICity\Agenda-City-Council-6-27-16-1.pdf","council","https://www.cityofflint.com/city-council/city-council-agendasminutes/
https://www.cityofflint.com/wp-content/uploads/Agenda-City-Council-6-27-16-1.pdf","True",
"FlintMICity","2a2e33b0-4833-4914-bf95-73ae0397fcff","E:\elance\CityCouncilMeetingProject\CityCouncilMeetingProject\bin\Debug\FlintMICity\Minutes-City-Council-6-27-16-2.pdf","council","https://www.cityofflint.com/city-council/city-council-agendasminutes/
https://www.cityofflint.com/wp-content/uploads/Minutes-City-Council-6-27-16-2.pdf","True",
"FlintMICity","931ebe66-7f83-4ba0-a533-667c95a4823a","E:\elance\CityCouncilMeetingProject\CityCouncilMeetingProject\bin\Debug\FlintMICity\Agenda-Special-Affairs-7-11-16.pdf","council","https://www.cityofflint.com/city-council/city-council-agendasminutes/
https://www.cityofflint.com/wp-content/uploads/Agenda-Special-Affairs-7-11-16.pdf","True",
"FlintMICity","8f5e709c-754c-40af-903f-0af97053e7ef","E:\elance\CityCouncilMeetingProject\CityCouncilMeetingProject\bin\Debug\FlintMICity\Agenda-City-Council-7-11-16.pdf","council","https://www.cityofflint.com/city-council/city-council-agendasminutes/
https://www.cityofflint.com/wp-content/uploads/Agenda-City-Council-7-11-16.pdf","True",
"FlintMICity","c97c6db5-5b70-4bc5-867f-7a75c36a93ec","E:\elance\CityCouncilMeetingProject\CityCouncilMeetingProject\bin\Debug\FlintMICity\Minutes-City-Council-7-11-16.pdf","council","https://www.cityofflint.com/city-council/city-council-agendasminutes/
https://www.cityofflint.com/wp-content/uploads/Minutes-City-Council-7-11-16.pdf","True",
"FlintMICity","f70c41f8-2ecc-4c81-be03-1b1086d4c97e","E:\elance\CityCouncilMeetingProject\CityCouncilMeetingProject\bin\Debug\FlintMICity\Agenda-Special-City-Council-7-18-16.pdf","council","https://www.cityofflint.com/city-council/city-council-agendasminutes/
https://www.cityofflint.com/wp-content/uploads/Agenda-Special-City-Council-7-18-16.pdf","True",
"FlintMICity","08fd759c-42c5-4573-8fa5-844d718695c9","E:\elance\CityCouncilMeetingProject\CityCouncilMeetingProject\bin\Debug\FlintMICity\Minutes-Special-City-Council-7-18-16.pdf","council","https://www.cityofflint.com/city-council/city-council-agendasminutes/
https://www.cityofflint.com/wp-content/uploads/Minutes-Special-City-Council-7-18-16.pdf","True",
"FlintMICity","21b1b3f8-f62b-43b4-a277-9985c174d481","E:\elance\CityCouncilMeetingProject\CityCouncilMeetingProject\bin\Debug\FlintMICity\Agenda-Special-Affairs-7-25-16-1.pdf","council","https://www.cityofflint.com/city-council/city-council-agendasminutes/
https://www.cityofflint.com/wp-content/uploads/Agenda-Special-Affairs-7-25-16-1.pdf","True",
"FlintMICity","ec5fd8f6-00ef-4b72-9812-69a2e5183e8c","E:\elance\CityCouncilMeetingProject\CityCouncilMeetingProject\bin\Debug\FlintMICity\Agenda-Amended-City-Council-7-25-16.pdf","council","https://www.cityofflint.com/city-council/city-council-agendasminutes/
https://www.cityofflint.com/wp-content/uploads/Agenda-Amended-City-Council-7-25-16.pdf","True",
"FlintMICity","0ca12c4d-1c08-400b-b34e-de0b1ce5648b","E:\elance\CityCouncilMeetingProject\CityCouncilMeetingProject\bin\Debug\FlintMICity\Minutes-City-Council-7-25-16.pdf","council","https://www.cityofflint.com/city-council/city-council-agendasminutes/
https://www.cityofflint.com/wp-content/uploads/Minutes-City-Council-7-25-16.pdf","True",
"FlintMICity","16629269-c57f-4da4-bf42-49f6331b17f0","E:\elance\CityCouncilMeetingProject\CityCouncilMeetingProject\bin\Debug\FlintMICity\Agenda-Special-City-Council-8-1-16.pdf","council","https://www.cityofflint.com/city-council/city-council-agendasminutes/
https://www.cityofflint.com/wp-content/uploads/Agenda-Special-City-Council-8-1-16.pdf","True",
"FlintMICity","c43250b9-a118-4fb2-a343-7653f26d07e1","E:\elance\CityCouncilMeetingProject\CityCouncilMeetingProject\bin\Debug\FlintMICity\Minutes-Special-City-Council-8-1-16.pdf","council","https://www.cityofflint.com/city-council/city-council-agendasminutes/
https://www.cityofflint.com/wp-content/uploads/Minutes-Special-City-Council-8-1-16.pdf","True",
"FlintMICity","ba5a9ee0-c916-4095-92ab-d5adae7ed81c","E:\elance\CityCouncilMeetingProject\CityCouncilMeetingProject\bin\Debug\FlintMICity\Agenda-Special-Affairs-8-8-16.pdf","council","https://www.cityofflint.com/city-council/city-council-agendasminutes/
https://www.cityofflint.com/wp-content/uploads/Agenda-Special-Affairs-8-8-16.pdf","True",
"FlintMICity","ef073461-032d-4546-8b5c-3a411be82a6a","E:\elance\CityCouncilMeetingProject\CityCouncilMeetingProject\bin\Debug\FlintMICity\Agenda-City-Council-8-9-16.pdf","council","https://www.cityofflint.com/city-council/city-council-agendasminutes/
https://www.cityofflint.com/wp-content/uploads/Agenda-City-Council-8-9-16.pdf","True",
"FlintMICity","714da0e8-a21e-4a97-99e9-75f1c9989ba4","E:\elance\CityCouncilMeetingProject\CityCouncilMeetingProject\bin\Debug\FlintMICity\Minutes-City-Council-8-9-16.pdf","council","https://www.cityofflint.com/city-council/city-council-agendasminutes/
https://www.cityofflint.com/wp-content/uploads/Minutes-City-Council-8-9-16.pdf","True",
"FlintMICity","75bf8afe-26ec-4c3a-9e78-8af802210bc4","E:\elance\CityCouncilMeetingProject\CityCouncilMeetingProject\bin\Debug\FlintMICity\Agenda-Special-Affairs-8-22-16.pdf","council","https://www.cityofflint.com/city-council/city-council-agendasminutes/
https://www.cityofflint.com/wp-content/uploads/Agenda-Special-Affairs-8-22-16.pdf","True",
"FlintMICity","f35f55f7-0e6c-4e1f-9da6-6f20233c8e29","E:\elance\CityCouncilMeetingProject\CityCouncilMeetingProject\bin\Debug\FlintMICity\Agenda-City-Council-8-22-16.pdf","council","https://www.cityofflint.com/city-council/city-council-agendasminutes/
https://www.cityofflint.com/wp-content/uploads/Agenda-City-Council-8-22-16.pdf","True",
"FlintMICity","87981340-006b-4d82-b514-2e235aed8eca","E:\elance\CityCouncilMeetingProject\CityCouncilMeetingProject\bin\Debug\FlintMICity\Minutes-City-Council-8-22-16.pdf","council","https://www.cityofflint.com/city-council/city-council-agendasminutes/
https://www.cityofflint.com/wp-content/uploads/Minutes-City-Council-8-22-16.pdf","True",
"FlintMICity","b011d9b8-f7db-4ee8-ba35-d910e1788035","E:\elance\CityCouncilMeetingProject\CityCouncilMeetingProject\bin\Debug\FlintMICity\Amended-Agenda-Special-City-Council-9-14-16.pdf","council","https://www.cityofflint.com/city-council/city-council-agendasminutes/
https://www.cityofflint.com/wp-content/uploads/Amended-Agenda-Special-City-Council-9-14-16.pdf","True",
"FlintMICity","2841812b-ef6a-4351-808b-1131dc8754e6","E:\elance\CityCouncilMeetingProject\CityCouncilMeetingProject\bin\Debug\FlintMICity\Agenda-Special-Affairs-9-12-16-1.pdf","council","https://www.cityofflint.com/city-council/city-council-agendasminutes/
https://www.cityofflint.com/wp-content/uploads/Agenda-Special-Affairs-9-12-16-1.pdf","True",
"FlintMICity","10c15f86-6e35-4803-b146-fd05287ff3dd","E:\elance\CityCouncilMeetingProject\CityCouncilMeetingProject\bin\Debug\FlintMICity\Agenda-Special-Affairs-9-26-16.pdf","council","https://www.cityofflint.com/city-council/city-council-agendasminutes/
https://www.cityofflint.com/wp-content/uploads/Agenda-Special-Affairs-9-26-16.pdf","True",
"FlintMICity","cee966e2-c139-4931-88ce-14e697764425","E:\elance\CityCouncilMeetingProject\CityCouncilMeetingProject\bin\Debug\FlintMICity\Agenda-City-Council-9-12-16.pdf","council","https://www.cityofflint.com/city-council/city-council-agendasminutes/
https://www.cityofflint.com/wp-content/uploads/Agenda-City-Council-9-12-16.pdf","True",
"FlintMICity","f9a02459-08a1-4c79-a724-9cf862209466","E:\elance\CityCouncilMeetingProject\CityCouncilMeetingProject\bin\Debug\FlintMICity\Minutes-City-Council-9-12-16.pdf","council","https://www.cityofflint.com/city-council/city-council-agendasminutes/
https://www.cityofflint.com/wp-content/uploads/Minutes-City-Council-9-12-16.pdf","True",
"FlintMICity","51f30284-498f-415b-b482-a10a0bbd740b","E:\elance\CityCouncilMeetingProject\CityCouncilMeetingProject\bin\Debug\FlintMICity\Amended-Agenda-Special-City-Council-9-14-16_9-14-2016.pdf","council","https://www.cityofflint.com/city-council/city-council-agendasminutes/
https://www.cityofflint.com/wp-content/uploads/Amended-Agenda-Special-City-Council-9-14-16.pdf","True",
"FlintMICity","729b3a9e-8b62-402d-95dc-e09fd681e91d","E:\elance\CityCouncilMeetingProject\CityCouncilMeetingProject\bin\Debug\FlintMICity\Minutes-Special-City-Council-9-14-16.pdf","council","https://www.cityofflint.com/city-council/city-council-agendasminutes/
https://www.cityofflint.com/wp-content/uploads/Minutes-Special-City-Council-9-14-16.pdf","True",
"FlintMICity","9e25986b-b602-4e64-9343-ed5a2a5eef2f","E:\elance\CityCouncilMeetingProject\CityCouncilMeetingProject\bin\Debug\FlintMICity\Agenda-Special-Affairs-9-26-16_9-26-2016.pdf","council","https://www.cityofflint.com/city-council/city-council-agendasminutes/
https://www.cityofflint.com/wp-content/uploads/Agenda-Special-Affairs-9-26-16.pdf","True",
"FlintMICity","cb33b1c8-fa8a-4e18-9a99-c019f8f5830d","E:\elance\CityCouncilMeetingProject\CityCouncilMeetingProject\bin\Debug\FlintMICity\Amended-Agenda-City-Council-9-26-16.pdf","council","https://www.cityofflint.com/city-council/city-council-agendasminutes/
https://www.cityofflint.com/wp-content/uploads/Amended-Agenda-City-Council-9-26-16.pdf","True",
"FlintMICity","d6f953d1-1205-4ffb-b3da-9e565b2045e3","E:\elance\CityCouncilMeetingProject\CityCouncilMeetingProject\bin\Debug\FlintMICity\Minutes-City-Council-9-26-16.pdf","council","https://www.cityofflint.com/city-council/city-council-agendasminutes/
https://www.cityofflint.com/wp-content/uploads/Minutes-City-Council-9-26-16.pdf","True",
"FlintMICity","c6bda905-9d0d-43c3-ac52-c5e4c3fbc855","E:\elance\CityCouncilMeetingProject\CityCouncilMeetingProject\bin\Debug\FlintMICity\Agenda-Special-Affairs-10-10-16.pdf","council","https://www.cityofflint.com/city-council/city-council-agendasminutes/
https://www.cityofflint.com/wp-content/uploads/Agenda-Special-Affairs-10-10-16.pdf","True",
"FlintMICity","0a04f5db-172c-450c-9513-42cb5eab71e1","E:\elance\CityCouncilMeetingProject\CityCouncilMeetingProject\bin\Debug\FlintMICity\Agenda-City-Council-10-10-16.pdf","council","https://www.cityofflint.com/city-council/city-council-agendasminutes/
https://www.cityofflint.com/wp-content/uploads/Agenda-City-Council-10-10-16.pdf","True",
"FlintMICity","6363beb7-3f66-4f33-90a3-2782c7168d6c","E:\elance\CityCouncilMeetingProject\CityCouncilMeetingProject\bin\Debug\FlintMICity\Minutes-City-Council-10-10-16.pdf","council","https://www.cityofflint.com/city-council/city-council-agendasminutes/
https://www.cityofflint.com/wp-content/uploads/Minutes-City-Council-10-10-16.pdf","True",
"FlintMICity","22264c0e-8edd-456c-8a0f-64614ea7490c","E:\elance\CityCouncilMeetingProject\CityCouncilMeetingProject\bin\Debug\FlintMICity\Agenda-Special-City-Council-10-13-16.pdf","council","https://www.cityofflint.com/city-council/city-council-agendasminutes/
https://www.cityofflint.com/wp-content/uploads/Agenda-Special-City-Council-10-13-16.pdf","True",
"FlintMICity","17544da2-9380-436f-9f76-96e4e44d6fe7","E:\elance\CityCouncilMeetingProject\CityCouncilMeetingProject\bin\Debug\FlintMICity\Minutes-Special-City-Council-10-13-16.pdf","council","https://www.cityofflint.com/city-council/city-council-agendasminutes/
https://www.cityofflint.com/wp-content/uploads/Minutes-Special-City-Council-10-13-16.pdf","True",
"FlintMICity","c82c9309-ba32-4ec5-ad40-7f4fc674daaa","E:\elance\CityCouncilMeetingProject\CityCouncilMeetingProject\bin\Debug\FlintMICity\Agenda-Special-Affairs-10-24-16.pdf","council","https://www.cityofflint.com/city-council/city-council-agendasminutes/
https://www.cityofflint.com/wp-content/uploads/Agenda-Special-Affairs-10-24-16.pdf","True",
"FlintMICity","5d176665-7c74-42f9-a2a8-466c2fd1d7a8","E:\elance\CityCouncilMeetingProject\CityCouncilMeetingProject\bin\Debug\FlintMICity\Agenda-City-Council-10-24-16.pdf","council","https://www.cityofflint.com/city-council/city-council-agendasminutes/
https://www.cityofflint.com/wp-content/uploads/Agenda-City-Council-10-24-16.pdf","True",
"FlintMICity","e2e2e057-188e-4e9c-bca0-19370f06102e","E:\elance\CityCouncilMeetingProject\CityCouncilMeetingProject\bin\Debug\FlintMICity\Minutes-City-Council-10-24-16.pdf","council","https://www.cityofflint.com/city-council/city-council-agendasminutes/
https://www.cityofflint.com/wp-content/uploads/Minutes-City-Council-10-24-16.pdf","True",
"FlintMICity","d109dc39-90ec-4914-a23a-5c7b90b65768","E:\elance\CityCouncilMeetingProject\CityCouncilMeetingProject\bin\Debug\FlintMICity\Agenda-Special-Affairs-11-14-16.pdf","council","https://www.cityofflint.com/city-council/city-council-agendasminutes/
https://www.cityofflint.com/wp-content/uploads/Agenda-Special-Affairs-11-14-16.pdf","True",
"FlintMICity","88bf84fc-ac85-4337-b22e-f05eb1c4f444","E:\elance\CityCouncilMeetingProject\CityCouncilMeetingProject\bin\Debug\FlintMICity\Agenda-City-Council-11-14-16.pdf","council","https://www.cityofflint.com/city-council/city-council-agendasminutes/
https://www.cityofflint.com/wp-content/uploads/Agenda-City-Council-11-14-16.pdf","True",
"FlintMICity","1429492b-a7b8-40c5-b470-8ee21774970a","E:\elance\CityCouncilMeetingProject\CityCouncilMeetingProject\bin\Debug\FlintMICity\Minutes-City-Council-11-14-16.pdf","council","https://www.cityofflint.com/city-council/city-council-agendasminutes/
https://www.cityofflint.com/wp-content/uploads/Minutes-City-Council-11-14-16.pdf","True",
"FlintMICity","bb20bd84-7612-4cb7-ae3d-108125e30a82","E:\elance\CityCouncilMeetingProject\CityCouncilMeetingProject\bin\Debug\FlintMICity\Amended-Agenda-Special-Affairs-11-28-16.pdf","council","https://www.cityofflint.com/city-council/city-council-agendasminutes/
https://www.cityofflint.com/wp-content/uploads/Amended-Agenda-Special-Affairs-11-28-16.pdf","True",
"FlintMICity","79fcfda8-bc50-4c37-9365-b8f6bbb0bfa4","E:\elance\CityCouncilMeetingProject\CityCouncilMeetingProject\bin\Debug\FlintMICity\Amended-Agenda-City-Council-11-28-16.pdf","council","https://www.cityofflint.com/city-council/city-council-agendasminutes/
https://www.cityofflint.com/wp-content/uploads/Amended-Agenda-City-Council-11-28-16.pdf","True",
"FlintMICity","b91a938f-44df-4ad0-98e2-8d8fd78989aa","E:\elance\CityCouncilMeetingProject\CityCouncilMeetingProject\bin\Debug\FlintMICity\Minutes-City-Council-11-18-16.pdf","council","https://www.cityofflint.com/city-council/city-council-agendasminutes/
https://www.cityofflint.com/wp-content/uploads/Minutes-City-Council-11-18-16.pdf","True",
"FlintMICity","6dddfffa-5fd1-46d1-acf3-6ab0ef297b7b","E:\elance\CityCouncilMeetingProject\CityCouncilMeetingProject\bin\Debug\FlintMICity\Agenda-Special-Affairs-12-12-16.pdf","council","https://www.cityofflint.com/city-council/city-council-agendasminutes/
https://www.cityofflint.com/wp-content/uploads/Agenda-Special-Affairs-12-12-16.pdf","True",
"FlintMICity","b53e8225-3174-4fe6-8a72-2b3702b0be66","E:\elance\CityCouncilMeetingProject\CityCouncilMeetingProject\bin\Debug\FlintMICity\Agenda-City-Council-12-12-16.pdf","council","https://www.cityofflint.com/city-council/city-council-agendasminutes/
https://www.cityofflint.com/wp-content/uploads/Agenda-City-Council-12-12-16.pdf","True",
"FlintMICity","2d018474-553b-43a7-9ce8-a56946adcdcb","E:\elance\CityCouncilMeetingProject\CityCouncilMeetingProject\bin\Debug\FlintMICity\Agenda-Special-City-Council-12-14-16.pdf","council","https://www.cityofflint.com/city-council/city-council-agendasminutes/
https://www.cityofflint.com/wp-content/uploads/Agenda-Special-City-Council-12-14-16.pdf","True",
"FlintMICity","a8319378-4bca-45de-b561-caadf584871f","E:\elance\CityCouncilMeetingProject\CityCouncilMeetingProject\bin\Debug\FlintMICity\Agenda-Special-City-Council-12-20-16.pdf","council","https://www.cityofflint.com/city-council/city-council-agendasminutes/
https://www.cityofflint.com/wp-content/uploads/Agenda-Special-City-Council-12-20-16.pdf","True",
"FlintMICity","b185353b-9863-48f2-aecb-a8822a0405ce","E:\elance\CityCouncilMeetingProject\CityCouncilMeetingProject\bin\Debug\FlintMICity\Agenda-Special-Affairs-1-9-17.pdf","council","https://www.cityofflint.com/city-council/city-council-agendasminutes/
https://www.cityofflint.com/wp-content/uploads/Agenda-Special-Affairs-1-9-17.pdf","True",
"FlintMICity","e47a8538-156f-4a61-a503-8c7fd755b1fc","E:\elance\CityCouncilMeetingProject\CityCouncilMeetingProject\bin\Debug\FlintMICity\Agenda-City-Council-1-9-17.pdf","council","https://www.cityofflint.com/city-council/city-council-agendasminutes/
https://www.cityofflint.com/wp-content/uploads/Agenda-City-Council-1-9-17.pdf","True",
"FlintMICity","1a00218e-e31a-4d59-9e69-9daac3a9658b","E:\elance\CityCouncilMeetingProject\CityCouncilMeetingProject\bin\Debug\FlintMICity\Agenda-Special-Affairs-1-23-17.pdf","council","https://www.cityofflint.com/city-council/city-council-agendasminutes/
https://www.cityofflint.com/wp-content/uploads/Agenda-Special-Affairs-1-23-17.pdf","True",
"FlintMICity","dcf0406f-87a4-4518-aed5-72d0392e31d3","E:\elance\CityCouncilMeetingProject\CityCouncilMeetingProject\bin\Debug\FlintMICity\Agenda-City-Council-1-23-17.pdf","council","https://www.cityofflint.com/city-council/city-council-agendasminutes/
https://www.cityofflint.com/wp-content/uploads/Agenda-City-Council-1-23-17.pdf","True",
"FlintMICity","0b3e6a0a-13e4-43eb-b130-b00c86bed861","E:\elance\CityCouncilMeetingProject\CityCouncilMeetingProject\bin\Debug\FlintMICity\Agenda-Special-Affairs-2-13-17.pdf","council","https://www.cityofflint.com/city-council/city-council-agendasminutes/
https://www.cityofflint.com/wp-content/uploads/Agenda-Special-Affairs-2-13-17.pdf","True",
"FlintMICity","c8de5917-d17e-43fe-b2a1-2fdc0de97fa1","E:\elance\CityCouncilMeetingProject\CityCouncilMeetingProject\bin\Debug\FlintMICity\Agenda-City-Council-2-13-17.pdf","council","https://www.cityofflint.com/city-council/city-council-agendasminutes/
https://www.cityofflint.com/wp-content/uploads/Agenda-City-Council-2-13-17.pdf","True",
"FlintMICity","261dfbd2-7216-494f-ae6a-1a71864c5e1f","E:\elance\CityCouncilMeetingProject\CityCouncilMeetingProject\bin\Debug\FlintMICity\Agenda-Special-Affairs-2-27-17.pdf","council","https://www.cityofflint.com/city-council/city-council-agendasminutes/
https://www.cityofflint.com/wp-content/uploads/Agenda-Special-Affairs-2-27-17.pdf","True",
"FlintMICity","f899c978-6f5a-479f-a440-cdc0db584f6e","E:\elance\CityCouncilMeetingProject\CityCouncilMeetingProject\bin\Debug\FlintMICity\Agenda-City-Council-2-27-17.pdf","council","https://www.cityofflint.com/city-council/city-council-agendasminutes/
https://www.cityofflint.com/wp-content/uploads/Agenda-City-Council-2-27-17.pdf","True",
"FlintMICity","759d772e-bc49-4ccb-9010-ed32f32ffbf1","E:\elance\CityCouncilMeetingProject\CityCouncilMeetingProject\bin\Debug\FlintMICity\Agenda-Special-Affairs-3-13-17.pdf","council","https://www.cityofflint.com/city-council/city-council-agendasminutes/
https://www.cityofflint.com/wp-content/uploads/Agenda-Special-Affairs-3-13-17.pdf","True",
"FlintMICity","9e6c5a37-e732-4857-9c07-aeecf02242f5","E:\elance\CityCouncilMeetingProject\CityCouncilMeetingProject\bin\Debug\FlintMICity\Agenda-City-Council-3-13-17.pdf","council","https://www.cityofflint.com/city-council/city-council-agendasminutes/
https://www.cityofflint.com/wp-content/uploads/Agenda-City-Council-3-13-17.pdf","True",
"FlintMICity","e773490e-625c-41b9-ac54-b5b2983793c4","E:\elance\CityCouncilMeetingProject\CityCouncilMeetingProject\bin\Debug\FlintMICity\PC-Agenda-1.10.17.pdf","Planning Commission","https://www.cityofflint.com/zoning-division-meeting-agendas/
https://www.cityofflint.com/wp-content/uploads/PC-Agenda-1.10.17.pdf","True",
"FlintMICity","5c3bdf61-c14e-4977-853b-b1b4342c6222","E:\elance\CityCouncilMeetingProject\CityCouncilMeetingProject\bin\Debug\FlintMICity\PC-Minutes-01-10-2017.docx","Planning Commission","https://www.cityofflint.com/zoning-division-meeting-agendas/
https://www.cityofflint.com/wp-content/uploads/PC-Minutes-01-10-2017.docx","True",
"FlintMICity","92bfc28f-e907-4df8-8fd6-741820312be7","E:\elance\CityCouncilMeetingProject\CityCouncilMeetingProject\bin\Debug\FlintMICity\PC-Meeting-Room-Location-Change-11-22-16.pdf","Planning Commission","https://www.cityofflint.com/zoning-division-meeting-agendas/
https://www.cityofflint.com/wp-content/uploads/PC-Meeting-Room-Location-Change-11-22-16.pdf","True",
"FlintMICity","37f4b623-ab42-4dc2-a173-fbf2f4170499","E:\elance\CityCouncilMeetingProject\CityCouncilMeetingProject\bin\Debug\FlintMICity\PC-agenda-11.22.16.pdf","Planning Commission","https://www.cityofflint.com/zoning-division-meeting-agendas/
https://www.cityofflint.com/wp-content/uploads/PC-agenda-11.22.16.pdf","True",
"FlintMICity","8e4a6df7-ebb7-4d87-bc3a-343fd1786d32","E:\elance\CityCouncilMeetingProject\CityCouncilMeetingProject\bin\Debug\FlintMICity\PC-Minutes-11-22-16.docx","Planning Commission","https://www.cityofflint.com/zoning-division-meeting-agendas/
https://www.cityofflint.com/wp-content/uploads/PC-Minutes-11-22-16.docx","True",
"FlintMICity","1d66d3a5-e8e7-4939-afb2-12f46c220976","E:\elance\CityCouncilMeetingProject\CityCouncilMeetingProject\bin\Debug\FlintMICity\10-25-16-PC-Agenda.pdf","Planning Commission","https://www.cityofflint.com/zoning-division-meeting-agendas/
https://www.cityofflint.com/wp-content/uploads/10-25-16-PC-Agenda.pdf","True",
"FlintMICity","7eae4e0f-d863-48cf-b0c9-1f3c3c23d6fc","E:\elance\CityCouncilMeetingProject\CityCouncilMeetingProject\bin\Debug\FlintMICity\PC-16-302-Posting-Notice-3.0.pdf","Planning Commission","https://www.cityofflint.com/zoning-division-meeting-agendas/
https://www.cityofflint.com/wp-content/uploads/PC-16-302-Posting-Notice-3.0.pdf","True",
"FlintMICity","bf214a01-8979-4ba7-9f00-a57ce5bed07c","E:\elance\CityCouncilMeetingProject\CityCouncilMeetingProject\bin\Debug\FlintMICity\5-24-16-PC-Agenda.pdf","Planning Commission","https://www.cityofflint.com/zoning-division-meeting-agendas/
https://www.cityofflint.com/wp-content/uploads/5-24-16-PC-Agenda.pdf","True",
"FlintMICity","89c9c08f-57b4-4061-9af6-11f722d15a40","E:\elance\CityCouncilMeetingProject\CityCouncilMeetingProject\bin\Debug\FlintMICity\5-10-16-PC-Agenda.docx","Planning Commission","https://www.cityofflint.com/zoning-division-meeting-agendas/
https://www.cityofflint.com/wp-content/uploads/5-10-16-PC-Agenda.docx","True",
"FlintMICity","a9accb91-d9b9-4ae6-b058-07d102169cda","E:\elance\CityCouncilMeetingProject\CityCouncilMeetingProject\bin\Debug\FlintMICity\5-7-16-PC-Special-Meeting-Agenda.docx","Planning Commission","https://www.cityofflint.com/zoning-division-meeting-agendas/
https://www.cityofflint.com/wp-content/uploads/5-7-16-PC-Special-Meeting-Agenda.docx","True",
"FlintMICity","b74c49fc-8151-41ab-8328-c2bcb8931c18","E:\elance\CityCouncilMeetingProject\CityCouncilMeetingProject\bin\Debug\FlintMICity\4-26-16-PC-Agenda.docx","Planning Commission","https://www.cityofflint.com/zoning-division-meeting-agendas/
https://www.cityofflint.com/wp-content/uploads/4-26-16-PC-Agenda.docx","True",
"FlintMICity","d90277ce-700a-412a-8c4e-2a1908d36e52","E:\elance\CityCouncilMeetingProject\CityCouncilMeetingProject\bin\Debug\FlintMICity\4-12-16-PC-Agenda.docx","Planning Commission","https://www.cityofflint.com/zoning-division-meeting-agendas/
https://www.cityofflint.com/wp-content/uploads/4-12-16-PC-Agenda.docx","True",
"FlintMICity","ddda0792-1aec-4313-827f-ba33e162bc2f","E:\elance\CityCouncilMeetingProject\CityCouncilMeetingProject\bin\Debug\FlintMICity\03-22-16-PC-Agenda.docx","Planning Commission","https://www.cityofflint.com/zoning-division-meeting-agendas/
https://www.cityofflint.com/wp-content/uploads/03-22-16-PC-Agenda.docx","True",
"FlintMICity","bc84ef8e-6067-454c-9524-8177b9f36942","E:\elance\CityCouncilMeetingProject\CityCouncilMeetingProject\bin\Debug\FlintMICity\03-08-16-Agenda.docx","","https://www.cityofflint.com/zoning-division-meeting-agendas/
https://www.cityofflint.com/wp-content/uploads/03-08-16-Agenda.docx","True",
"FlintMICity","ae66000c-39d7-432e-acc1-8133dfd3aec7","E:\elance\CityCouncilMeetingProject\CityCouncilMeetingProject\bin\Debug\FlintMICity\PC-Agenda-02-23-16.docx","Planning Commission","https://www.cityofflint.com/zoning-division-meeting-agendas/
https://www.cityofflint.com/wp-content/uploads/PC-Agenda-02-23-16.docx","True",
"FlintMICity","9a858751-b995-44cb-ad56-fef7d51ae0ee","E:\elance\CityCouncilMeetingProject\CityCouncilMeetingProject\bin\Debug\FlintMICity\2-23-16-Final-PC-Minutes.pdf","Planning Commission","https://www.cityofflint.com/zoning-division-meeting-agendas/
https://www.cityofflint.com/wp-content/uploads/2-23-16-Final-PC-Minutes.pdf","True",
"FlintMICity","a8c56ea4-4584-4f5b-97d3-f1f067597ce7","E:\elance\CityCouncilMeetingProject\CityCouncilMeetingProject\bin\Debug\FlintMICity\02-09-16.doc","","https://www.cityofflint.com/zoning-division-meeting-agendas/
https://www.cityofflint.com/wp-content/uploads/02-09-16.doc","True",
"FlintMICity","43901313-4daa-4066-8c7b-bdfc74e91c09","E:\elance\CityCouncilMeetingProject\CityCouncilMeetingProject\bin\Debug\FlintMICity\1-26-16-Agenda-1.1.doc","","https://www.cityofflint.com/zoning-division-meeting-agendas/
https://www.cityofflint.com/wp-content/uploads/1-26-16-Agenda-1.1.doc","True",
"FlintMICity","1dc3113a-7e56-4e80-830d-311e922cbad7","E:\elance\CityCouncilMeetingProject\CityCouncilMeetingProject\bin\Debug\FlintMICity\1-26-16-Planning-Commission-Minutes-1.0.pdf","","https://www.cityofflint.com/zoning-division-meeting-agendas/
https://www.cityofflint.com/wp-content/uploads/1-26-16-Planning-Commission-Minutes-1.0.pdf","True",
"FlintMICity","b695b6a2-e627-42f7-a351-0f66a3fccee6","E:\elance\CityCouncilMeetingProject\CityCouncilMeetingProject\bin\Debug\FlintMICity\1-12-16-PC-Agenda.doc","Planning Commission","https://www.cityofflint.com/zoning-division-meeting-agendas/
https://www.cityofflint.com/wp-content/uploads/1-12-16-PC-Agenda.doc","True",
"FlintMICity","8a375c60-dcac-4cda-9cb0-bb54a9340da1","E:\elance\CityCouncilMeetingProject\CityCouncilMeetingProject\bin\Debug\FlintMICity\1-12-16-Planning-Commission-Minutes.pdf","","https://www.cityofflint.com/zoning-division-meeting-agendas/
https://www.cityofflint.com/wp-content/uploads/1-12-16-Planning-Commission-Minutes.pdf","True",
"FlintMICity","cc00d599-b97e-444b-b6d8-1e76a1db958b","E:\elance\CityCouncilMeetingProject\CityCouncilMeetingProject\bin\Debug\FlintMICity\HDC-agenda-2.2.17.pdf","Historic District Commission","https://www.cityofflint.com/zoning-division-meeting-agendas/
https://www.cityofflint.com/wp-content/uploads/HDC-agenda-2.2.17.pdf","True",
"FlintMICity","59cced34-2479-4c78-b9dc-a29238563d0c","E:\elance\CityCouncilMeetingProject\CityCouncilMeetingProject\bin\Debug\FlintMICity\Special-HDC-mtg-10.13.16.pdf","Historic District Commission","https://www.cityofflint.com/zoning-division-meeting-agendas/
https://www.cityofflint.com/wp-content/uploads/Special-HDC-mtg-10.13.16.pdf","True",
"FlintMICity","f855c930-593a-430b-a890-b58601060714","E:\elance\CityCouncilMeetingProject\CityCouncilMeetingProject\bin\Debug\FlintMICity\HDC-Agenda-6-2-2016.pdf","Historic District Commission","https://www.cityofflint.com/zoning-division-meeting-agendas/
https://www.cityofflint.com/wp-content/uploads/HDC-Agenda-6-2-2016.pdf","True",
"FlintMICity","ff0a1a80-afab-4897-abd0-86024753d09c","E:\elance\CityCouncilMeetingProject\CityCouncilMeetingProject\bin\Debug\FlintMICity\HDC-Agenda-5-5-2016-1.doc","Historic District Commission","https://www.cityofflint.com/zoning-division-meeting-agendas/
https://www.cityofflint.com/wp-content/uploads/HDC-Agenda-5-5-2016-1.doc","True",
"FlintMICity","6d37441c-3cc7-4655-93aa-64d7fa1aa7bc","E:\elance\CityCouncilMeetingProject\CityCouncilMeetingProject\bin\Debug\FlintMICity\HDC-Agenda-4-7-2016.doc","Historic District Commission","https://www.cityofflint.com/zoning-division-meeting-agendas/
https://www.cityofflint.com/wp-content/uploads/HDC-Agenda-4-7-2016.doc","True",
"FlintMICity","35a4b635-0fd5-49f3-9155-f9d1907b6d88","E:\elance\CityCouncilMeetingProject\CityCouncilMeetingProject\bin\Debug\FlintMICity\Special-Meeting-Notice-3-7-16.doc","","https://www.cityofflint.com/zoning-division-meeting-agendas/
https://www.cityofflint.com/wp-content/uploads/Special-Meeting-Notice-3-7-16.doc","True",
"FlintMICity","95d0b76b-460a-4a6d-a5e8-8de18b53556b","E:\elance\CityCouncilMeetingProject\CityCouncilMeetingProject\bin\Debug\FlintMICity\HDC-Agenda-2-4-2016_revised.pdf","Historic District Commission","https://www.cityofflint.com/zoning-division-meeting-agendas/
https://www.cityofflint.com/wp-content/uploads/HDC-Agenda-2-4-2016_revised.pdf","True",
"FlintMICity","b93f36f6-90e3-4fbc-8348-291041f50d40","E:\elance\CityCouncilMeetingProject\CityCouncilMeetingProject\bin\Debug\FlintMICity\2-4-16-HDC-Minutes.docx","Historic District Commission","https://www.cityofflint.com/zoning-division-meeting-agendas/
https://www.cityofflint.com/wp-content/uploads/2-4-16-HDC-Minutes.docx","True",
"FlintMICity","a1b27a08-d461-4fa3-b284-ea7b81b0e0d6","E:\elance\CityCouncilMeetingProject\CityCouncilMeetingProject\bin\Debug\FlintMICity\HDC-Agenda-1-7-2016.pdf","Historic District Commission","https://www.cityofflint.com/zoning-division-meeting-agendas/
https://www.cityofflint.com/wp-content/uploads/HDC-Agenda-1-7-2016.pdf","True",
"FlintMICity","4fd0b79e-a5ac-49aa-b68b-fa3071d93b7e","E:\elance\CityCouncilMeetingProject\CityCouncilMeetingProject\bin\Debug\FlintMICity\1-7-16-HDC-Minutes.docx","Historic District Commission","https://www.cityofflint.com/zoning-division-meeting-agendas/
https://www.cityofflint.com/wp-content/uploads/1-7-16-HDC-Minutes.docx","True",
"FlintMICity","5f359bb8-6369-4d95-a0aa-8c55368db13d","E:\elance\CityCouncilMeetingProject\CityCouncilMeetingProject\bin\Debug\FlintMICity\ZBA-AGENDA-12.20.16.pdf","Zoning Board of Appeals","https://www.cityofflint.com/zoning-division-meeting-agendas/
https://www.cityofflint.com/wp-content/uploads/ZBA-AGENDA-12.20.16.pdf","True",
"FlintMICity","043e0214-8915-470e-ad9f-57c2ae962ae6","E:\elance\CityCouncilMeetingProject\CityCouncilMeetingProject\bin\Debug\FlintMICity\ZBA-3-15-16-CANCEL.docx","Zoning Board of Appeals","https://www.cityofflint.com/zoning-division-meeting-agendas/
https://www.cityofflint.com/wp-content/uploads/ZBA-3-15-16-CANCEL.docx","True",
"FlintMICity","c683a11c-076e-410e-b11a-7263c1afe834","E:\elance\CityCouncilMeetingProject\CityCouncilMeetingProject\bin\Debug\FlintMICity\ZBA-2-16-16.doc","Zoning Board of Appeals","https://www.cityofflint.com/zoning-division-meeting-agendas/
https://www.cityofflint.com/wp-content/uploads/ZBA-2-16-16.doc","True",
"FlintMICity","fb195897-13e8-4692-b912-13efcabe3042","E:\elance\CityCouncilMeetingProject\CityCouncilMeetingProject\bin\Debug\FlintMICity\ZBA-01-19-16-CANCEL.docx","Zoning Board of Appeals","https://www.cityofflint.com/zoning-division-meeting-agendas/
https://www.cityofflint.com/wp-content/uploads/ZBA-01-19-16-CANCEL.docx","True",
