"YpsilantiMICity","4c5f8ae8-adf0-4fe4-8956-d6e6b78c01f5","C:\Extractor\YpsilantiMICity\_12202016-798.pdf","Council","http://cityofypsilanti.com/AgendaCenter/ViewFile/Minutes/_12202016-798","True",
"YpsilantiMICity","51128168-7000-4698-aa25-04bd02113688","C:\Extractor\YpsilantiMICity\Agenda 12-20-16.pdf","Council","http://cityofypsilanti.com/AgendaCenter/ViewFile/Item/948?fileID=1952","True",
"YpsilantiMICity","82c147f5-9cf1-469b-8807-6a0221cb13c7","C:\Extractor\YpsilantiMICity\12-20-16 Council Packet.pdf","Council","http://cityofypsilanti.com/AgendaCenter/ViewFile/Item/949?fileID=1953","True",
"YpsilantiMICity","92bda3ec-9e01-47c9-8ecc-3ed31c567642","C:\Extractor\YpsilantiMICity\Action Minutes 12-20-16.pdf","Council","http://cityofypsilanti.com/AgendaCenter/ViewFile/Item/950?fileID=1954","True",
"YpsilantiMICity","e1116c3f-3f9e-4b97-8063-38c9edf6341e","C:\Extractor\YpsilantiMICity\_12172016-796.pdf","Council","http://cityofypsilanti.com/AgendaCenter/ViewFile/Minutes/_12172016-796","True",
"YpsilantiMICity","7d1275b1-5374-4ab5-801b-b62cc6834631","C:\Extractor\YpsilantiMICity\Agenda 12-17-16.pdf","Council","http://cityofypsilanti.com/AgendaCenter/ViewFile/Item/942?fileID=1946","True",
"YpsilantiMICity","658fb522-1ef3-49ac-aa41-1c794857fec9","C:\Extractor\YpsilantiMICity\12-17-16 Council Packet.pdf","Council","http://cityofypsilanti.com/AgendaCenter/ViewFile/Item/943?fileID=1947","True",
"YpsilantiMICity","8e8e098d-9ff9-4db3-ad20-371ad849b239","C:\Extractor\YpsilantiMICity\_12062016-795.pdf","Council","http://cityofypsilanti.com/AgendaCenter/ViewFile/Minutes/_12062016-795","True",
"YpsilantiMICity","d2d4d453-432e-4b81-ba3c-b8310a67d604","C:\Extractor\YpsilantiMICity\Agenda 12-06-16.pdf","Council","http://cityofypsilanti.com/AgendaCenter/ViewFile/Item/935?fileID=1939","True",
"YpsilantiMICity","7764e90d-20d1-42dd-aae9-c9fdd48902e1","C:\Extractor\YpsilantiMICity\12-6-16 Council Packet.pdf","Council","http://cityofypsilanti.com/AgendaCenter/ViewFile/Item/936?fileID=1940","True",
"YpsilantiMICity","61b3a87f-1104-4bcd-9438-883d189b544e","C:\Extractor\YpsilantiMICity\Action Minutes 12-06-16.pdf","Council","http://cityofypsilanti.com/AgendaCenter/ViewFile/Item/937?fileID=1941","True",
"YpsilantiMICity","161ed07e-e32b-45bd-9a62-d6e886546069","C:\Extractor\YpsilantiMICity\_12012016-790.pdf","Council","http://cityofypsilanti.com/AgendaCenter/ViewFile/Minutes/_12012016-790","True",
"YpsilantiMICity","de51fa6d-f57f-431a-b40a-cb18480e37e5","C:\Extractor\YpsilantiMICity\12-1-16 Agenda.pdf","Council","http://cityofypsilanti.com/AgendaCenter/ViewFile/Item/929?fileID=1933","True",
"YpsilantiMICity","7ab841d8-4563-42cd-9805-260603ac3cb0","C:\Extractor\YpsilantiMICity\Council Packet 12-1-16.pdf","Council","http://cityofypsilanti.com/AgendaCenter/ViewFile/Item/930?fileID=1934","True",
"YpsilantiMICity","db725c9f-cc9f-4900-bd5b-beb046113356","C:\Extractor\YpsilantiMICity\_11152016-782.pdf","Council","http://cityofypsilanti.com/AgendaCenter/ViewFile/Minutes/_11152016-782","True",
"YpsilantiMICity","854edff6-e1f4-42cf-b9d9-054946bf8d41","C:\Extractor\YpsilantiMICity\Agenda 11-15-16.pdf","Council","http://cityofypsilanti.com/AgendaCenter/ViewFile/Item/922?fileID=1925","True",
"YpsilantiMICity","6d261866-287c-4a27-acda-2a93cd95d401","C:\Extractor\YpsilantiMICity\11-15-16 Joint Counil YCS Meeting packet.pdf","Council","http://cityofypsilanti.com/AgendaCenter/ViewFile/Item/923?fileID=1926","True",
"YpsilantiMICity","038a3e92-36b0-4da1-829c-422538fc6f78","C:\Extractor\YpsilantiMICity\_11142016-781.pdf","Council","http://cityofypsilanti.com/AgendaCenter/ViewFile/Minutes/_11142016-781","True",
"YpsilantiMICity","f2fbe050-09df-4f89-bd2b-63a6c4d7b301","C:\Extractor\YpsilantiMICity\11-14-16 Regular Organizational Agenda.pdf","Council","http://cityofypsilanti.com/AgendaCenter/ViewFile/Item/920?fileID=1923","True",
"YpsilantiMICity","7d820c5c-194d-47f3-b12e-ea46c74a3f85","C:\Extractor\YpsilantiMICity\2 11-14-16 Council Packet.pdf","Council","http://cityofypsilanti.com/AgendaCenter/ViewFile/Item/921?fileID=1924","True",
"YpsilantiMICity","02f4d3f0-5ebd-4798-90c9-4b2fc4f4be01","C:\Extractor\YpsilantiMICity\11-14-16 action minutes.pdf","Council","http://cityofypsilanti.com/AgendaCenter/ViewFile/Item/924?fileID=1927","True",
"YpsilantiMICity","6dab86bb-ae1b-48e5-8f62-083177ab72dd","C:\Extractor\YpsilantiMICity\_11012016-778.pdf","Council","http://cityofypsilanti.com/AgendaCenter/ViewFile/Minutes/_11012016-778","True",
"YpsilantiMICity","14d80678-ea98-4da5-be5d-7ff9db4e4136","C:\Extractor\YpsilantiMICity\Agenda 11-01-16.pdf","Council","http://cityofypsilanti.com/AgendaCenter/ViewFile/Item/902?fileID=1902","True",
"YpsilantiMICity","abcf10ab-543d-4f84-87d9-7a9bcc7d7365","C:\Extractor\YpsilantiMICity\11-1-16 Council Packet.pdf","Council","http://cityofypsilanti.com/AgendaCenter/ViewFile/Item/906?fileID=1906","True",
"YpsilantiMICity","966e9fe3-af6b-438f-86dd-c798eebf374a","C:\Extractor\YpsilantiMICity\Action Minutes 11-01-16.pdf","Council","http://cityofypsilanti.com/AgendaCenter/ViewFile/Item/908?fileID=1908","True",
"YpsilantiMICity","92b678f8-e863-418f-be42-6ee880b6f482","C:\Extractor\YpsilantiMICity\_10182016-775.pdf","Council","http://cityofypsilanti.com/AgendaCenter/ViewFile/Minutes/_10182016-775","True",
"YpsilantiMICity","3575bd36-7402-454a-9d94-0edb12ce40fd","C:\Extractor\YpsilantiMICity\Revised Agenda 10-18-16.pdf","Council","http://cityofypsilanti.com/AgendaCenter/ViewFile/Item/890?fileID=1888","True",
"YpsilantiMICity","0a94d830-0f05-4129-a6af-8061c06e7a20","C:\Extractor\YpsilantiMICity\October 18th Council Packet.pdf","Council","http://cityofypsilanti.com/AgendaCenter/ViewFile/Item/894?fileID=1892","True",
"YpsilantiMICity","0a5ef9f3-43dc-4238-8e8d-c478f211fc71","C:\Extractor\YpsilantiMICity\Action Minutes 10-18-16.pdf","Council","http://cityofypsilanti.com/AgendaCenter/ViewFile/Item/893?fileID=1891","True",
"YpsilantiMICity","af9ee7b8-4863-44f4-86cf-5ea781855e0e","C:\Extractor\YpsilantiMICity\_10112016-771.pdf","Council","http://cityofypsilanti.com/AgendaCenter/ViewFile/Minutes/_10112016-771","True",
"YpsilantiMICity","b652a139-d50a-4395-abde-6b3483c611b5","C:\Extractor\YpsilantiMICity\Work Session Roads 10-11-16.pdf","Council","http://cityofypsilanti.com/AgendaCenter/ViewFile/Item/878?fileID=1875","True",
"YpsilantiMICity","acc9333b-5023-4eda-9d41-3d3333c3532e","C:\Extractor\YpsilantiMICity\October 11th Work Session Council Packet.pdf","Council","http://cityofypsilanti.com/AgendaCenter/ViewFile/Item/879?fileID=1876","True",
"YpsilantiMICity","4fc39b62-7f76-45c8-920a-6bf0379a748e","C:\Extractor\YpsilantiMICity\Action Minutes 10-11-16.pdf","Council","http://cityofypsilanti.com/AgendaCenter/ViewFile/Item/880?fileID=1878","True",
"YpsilantiMICity","9c865175-e8f4-467e-9119-ebe71ba53669","C:\Extractor\YpsilantiMICity\_10042016-766.pdf","Council","http://cityofypsilanti.com/AgendaCenter/ViewFile/Minutes/_10042016-766","True",
"YpsilantiMICity","dec96940-d904-4447-bb15-0a189f0606a4","C:\Extractor\YpsilantiMICity\Revised Agenda 10-04-16.pdf","Council","http://cityofypsilanti.com/AgendaCenter/ViewFile/Item/871?fileID=1868","True",
"YpsilantiMICity","f3d4bee2-469d-413b-8aee-d2c04af1083d","C:\Extractor\YpsilantiMICity\City Council Packet 10-4-16.pdf","Council","http://cityofypsilanti.com/AgendaCenter/ViewFile/Item/872?fileID=1869","True",
"YpsilantiMICity","efb313fe-1438-48a9-a806-61b2e4f9dda6","C:\Extractor\YpsilantiMICity\Action Minutes 10-04-16.pdf","Council","http://cityofypsilanti.com/AgendaCenter/ViewFile/Item/873?fileID=1870","True",
"YpsilantiMICity","9779bb84-0063-4174-b88d-6d709f25932d","C:\Extractor\YpsilantiMICity\_09202016-760.pdf","Council","http://cityofypsilanti.com/AgendaCenter/ViewFile/Minutes/_09202016-760","True",
"YpsilantiMICity","734aa808-2d0b-414f-bf9a-db4b519e1386","C:\Extractor\YpsilantiMICity\Draft Agenda 9-20-16.pdf","Council","http://cityofypsilanti.com/AgendaCenter/ViewFile/Item/858?fileID=1855","True",
"YpsilantiMICity","2c9b3d6a-66f1-4d24-9af3-cc213a96ba49","C:\Extractor\YpsilantiMICity\September 20, 2016 City Council Packet.pdf","Council","http://cityofypsilanti.com/AgendaCenter/ViewFile/Item/859?fileID=1856","True",
"YpsilantiMICity","cf44b2e6-1867-48d3-8f6e-f25b8f21f5bd","C:\Extractor\YpsilantiMICity\ACTION MINUTES 9-20-16.pdf","Council","http://cityofypsilanti.com/AgendaCenter/ViewFile/Item/860?fileID=1857","True",
"YpsilantiMICity","4197b3dd-8262-4d56-8e28-f55bf18af14c","C:\Extractor\YpsilantiMICity\_09062016-755.pdf","Council","http://cityofypsilanti.com/AgendaCenter/ViewFile/Minutes/_09062016-755","True",
"YpsilantiMICity","c2bfccfa-3f44-49ef-9fc0-0a7cdf93fe24","C:\Extractor\YpsilantiMICity\Draft Agenda 9-6-16.pdf","Council","http://cityofypsilanti.com/AgendaCenter/ViewFile/Item/832?fileID=1826","True",
"YpsilantiMICity","4e7ade4a-221a-4b9a-9847-d365b157b692","C:\Extractor\YpsilantiMICity\September 6, 2016 Council Packet.pdf","Council","http://cityofypsilanti.com/AgendaCenter/ViewFile/Item/854?fileID=1850","True",
"YpsilantiMICity","bd946a5d-ca34-4c64-b576-77171ac3dbd1","C:\Extractor\YpsilantiMICity\ACTION MINUTES 9-6-16.pdf","Council","http://cityofypsilanti.com/AgendaCenter/ViewFile/Item/853?fileID=1849","True",
"YpsilantiMICity","e774ebe2-f243-443a-adcc-f53ee8641153","C:\Extractor\YpsilantiMICity\_08232016-751.pdf","Council","http://cityofypsilanti.com/AgendaCenter/ViewFile/Minutes/_08232016-751","True",
"YpsilantiMICity","aa1b46c9-ade3-4462-84c5-c6454bd181e1","C:\Extractor\YpsilantiMICity\08-23-16 Agenda.pdf","Council","http://cityofypsilanti.com/AgendaCenter/ViewFile/Item/827?fileID=1821","True",
"YpsilantiMICity","8f28fe5c-23c1-4914-9ca3-4de90d608162","C:\Extractor\YpsilantiMICity\_08162016-746.pdf","Council","http://cityofypsilanti.com/AgendaCenter/ViewFile/Minutes/_08162016-746","True",
"YpsilantiMICity","9899860c-5db2-4aeb-9098-f785686838c5","C:\Extractor\YpsilantiMICity\REVISED Final Agenda 08-16-16.pdf","Council","http://cityofypsilanti.com/AgendaCenter/ViewFile/Item/817?fileID=1810","True",
"YpsilantiMICity","d27db2ae-0748-4bac-ac8f-90a5c6faf570","C:\Extractor\YpsilantiMICity\August 16, 2016 Council Packet.pdf","Council","http://cityofypsilanti.com/AgendaCenter/ViewFile/Item/825?fileID=1819","True",
"YpsilantiMICity","a4f3848a-b24c-427a-99cc-68704797e83e","C:\Extractor\YpsilantiMICity\8-16-16pm ACTION MINUTES.pdf","Council","http://cityofypsilanti.com/AgendaCenter/ViewFile/Item/852?fileID=1848","True",
"YpsilantiMICity","8293b2e8-03a5-4316-9c13-356e45d19e93","C:\Extractor\YpsilantiMICity\_08162016-745.pdf","Council","http://cityofypsilanti.com/AgendaCenter/ViewFile/Minutes/_08162016-745","True",
"YpsilantiMICity","9302c1c3-ad6c-4e52-abd2-cb0501e6efa1","C:\Extractor\YpsilantiMICity\08-16-16 Agenda.pdf","Council","http://cityofypsilanti.com/AgendaCenter/ViewFile/Item/816?fileID=1806","True",
"YpsilantiMICity","200da66d-bbc4-476a-b98c-0822ae9df3ed","C:\Extractor\YpsilantiMICity\_08042016-738.pdf","Council","http://cityofypsilanti.com/AgendaCenter/ViewFile/Minutes/_08042016-738","True",
"YpsilantiMICity","5d7ee3e9-72cf-4825-b040-7519ed944ff8","C:\Extractor\YpsilantiMICity\FINAL Agenda 08-04-16.pdf","Council","http://cityofypsilanti.com/AgendaCenter/ViewFile/Item/805?fileID=1794","True",
"YpsilantiMICity","e9910222-f38d-4d65-8c13-c61994bef632","C:\Extractor\YpsilantiMICity\August 4, 2016 Council Packet.pdf","Council","http://cityofypsilanti.com/AgendaCenter/ViewFile/Item/806?fileID=1795","True",
"YpsilantiMICity","88945188-9aee-4dcb-9dff-25ecf3c619f0","C:\Extractor\YpsilantiMICity\08-04-16 ACTION MINUTES.pdf","Council","http://cityofypsilanti.com/AgendaCenter/ViewFile/Item/851?fileID=1847","True",
"YpsilantiMICity","22f2c644-8711-4bfd-8ed0-fe8bf8b5a630","C:\Extractor\YpsilantiMICity\_07192016-732.pdf","Council","http://cityofypsilanti.com/AgendaCenter/ViewFile/Minutes/_07192016-732","True",
"YpsilantiMICity","a2696f51-2d4d-49c4-b61f-827624685c4c","C:\Extractor\YpsilantiMICity\FINAL Agenda 07-19-16.pdf","Council","http://cityofypsilanti.com/AgendaCenter/ViewFile/Item/798?fileID=1785","True",
"YpsilantiMICity","0da59dc9-8039-4863-8bc4-3b453881f799","C:\Extractor\YpsilantiMICity\July 19th City Council Packet.pdf","Council","http://cityofypsilanti.com/AgendaCenter/ViewFile/Item/799?fileID=1786","True",
"YpsilantiMICity","97acb1d1-854e-46ee-be85-f8f17b1513d5","C:\Extractor\YpsilantiMICity\ACTION MINUTES 7-19-16.pdf","Council","http://cityofypsilanti.com/AgendaCenter/ViewFile/Item/850?fileID=1846","True",
"YpsilantiMICity","57bb8e44-b6e3-48ac-89ac-8d37c84b1dc8","C:\Extractor\YpsilantiMICity\_07082016-724.pdf","Council","http://cityofypsilanti.com/AgendaCenter/ViewFile/Minutes/_07082016-724","True",
"YpsilantiMICity","c64c17b3-0824-4f78-a6ca-3dc6ad53c14f","C:\Extractor\YpsilantiMICity\07-08-16 Agenda.pdf","Council","http://cityofypsilanti.com/AgendaCenter/ViewFile/Item/792?fileID=1755","True",
"YpsilantiMICity","9363e403-5e2f-42e2-9b53-c59b2f8052da","C:\Extractor\YpsilantiMICity\07-08-16 ACTION MINUTES.pdf","Council","http://cityofypsilanti.com/AgendaCenter/ViewFile/Item/796?fileID=1759","True",
"YpsilantiMICity","8554ba38-124e-474d-82eb-160697ddb36f","C:\Extractor\YpsilantiMICity\_07052016-722.pdf","Council","http://cityofypsilanti.com/AgendaCenter/ViewFile/Minutes/_07052016-722","True",
"YpsilantiMICity","79f76d33-f5e6-466e-bbc9-7768aca8c966","C:\Extractor\YpsilantiMICity\Revised 07-05-16 FINAL Agenda.pdf","Council","http://cityofypsilanti.com/AgendaCenter/ViewFile/Item/789?fileID=1752","True",
"YpsilantiMICity","fc44bf60-4116-40fe-a38a-e6780c2a2e09","C:\Extractor\YpsilantiMICity\July 5th City Council Meeting Packet.pdf","Council","http://cityofypsilanti.com/AgendaCenter/ViewFile/Item/790?fileID=1753","True",
"YpsilantiMICity","4e55aeba-04cf-41d6-9942-49c58ddfef0a","C:\Extractor\YpsilantiMICity\07-05-16 ACTION MINUTES.pdf","Council","http://cityofypsilanti.com/AgendaCenter/ViewFile/Item/826?fileID=1820","True",
"YpsilantiMICity","577e74f4-b9f2-446a-9131-de0eb5052e01","C:\Extractor\YpsilantiMICity\_06212016-716.pdf","Council","http://cityofypsilanti.com/AgendaCenter/ViewFile/Minutes/_06212016-716","True",
"YpsilantiMICity","fb5c0c6e-28e9-4a5f-aeab-bab900f63eb7","C:\Extractor\YpsilantiMICity\06-21-16 REVISED FINAL Agenda.pdf","Council","http://cityofypsilanti.com/AgendaCenter/ViewFile/Item/776?fileID=1719","True",
"YpsilantiMICity","c44ecd12-508c-4a0e-8f16-7ccc52440837","C:\Extractor\YpsilantiMICity\June 21st City Council Meeting Packet.pdf","Council","http://cityofypsilanti.com/AgendaCenter/ViewFile/Item/779?fileID=1722","True",
"YpsilantiMICity","a2f76a30-b441-41b4-915f-8949fa1111d9","C:\Extractor\YpsilantiMICity\06-21-16 ACTION MINUTES.pdf","Council","http://cityofypsilanti.com/AgendaCenter/ViewFile/Item/785?fileID=1748","True",
"YpsilantiMICity","06e0b37a-a393-484e-ae30-f575661c4bb8","C:\Extractor\YpsilantiMICity\_06082016-707.pdf","Council","http://cityofypsilanti.com/AgendaCenter/ViewFile/Minutes/_06082016-707","True",
"YpsilantiMICity","7ae72565-1d57-42e5-ba73-9ee77eebcb5e","C:\Extractor\YpsilantiMICity\_06082016-707.pdf","Council","http://cityofypsilanti.com/AgendaCenter/ViewFile/Agenda/_06082016-707","True",
"YpsilantiMICity","544c5e56-341e-4009-8ab6-17e82fcf85cb","C:\Extractor\YpsilantiMICity\_06072016-706.pdf","Council","http://cityofypsilanti.com/AgendaCenter/ViewFile/Minutes/_06072016-706","True",
"YpsilantiMICity","b490b7c0-754a-499b-b870-3c3918712ff3","C:\Extractor\YpsilantiMICity\06-07-16 Final Agenda.pdf","Council","http://cityofypsilanti.com/AgendaCenter/ViewFile/Item/750?fileID=1691","True",
"YpsilantiMICity","3a4d2049-b87f-4a64-93ba-aedb6a3fa78d","C:\Extractor\YpsilantiMICity\June 7th Council Packet.pdf","Council","http://cityofypsilanti.com/AgendaCenter/ViewFile/Item/754?fileID=1696","True",
"YpsilantiMICity","c303ca92-8b14-48f5-a16d-b2e3ff078a9a","C:\Extractor\YpsilantiMICity\06-07-16 ACTION MINUTES.pdf","Council","http://cityofypsilanti.com/AgendaCenter/ViewFile/Item/755?fileID=1697","True",
"YpsilantiMICity","294d4c12-4e58-499d-a353-6f5d90e7cdd3","C:\Extractor\YpsilantiMICity\_05192016-702.pdf","Council","http://cityofypsilanti.com/AgendaCenter/ViewFile/Minutes/_05192016-702","True",
"YpsilantiMICity","1a83f8ed-c622-4a75-8119-1bb0fa1b3de6","C:\Extractor\YpsilantiMICity\Revised 05-19-16 Agenda.pdf","Council","http://cityofypsilanti.com/AgendaCenter/ViewFile/Item/737?fileID=1659","True",
"YpsilantiMICity","087c7024-ae87-47da-9146-199ba76926e0","C:\Extractor\YpsilantiMICity\5-17-16 Council Packet.pdf","Council","http://cityofypsilanti.com/AgendaCenter/ViewFile/Item/740?fileID=1662","True",
"YpsilantiMICity","8dda3c4f-c9da-402f-8297-970511c49cca","C:\Extractor\YpsilantiMICity\_05172016-698.pdf","Council","http://cityofypsilanti.com/AgendaCenter/ViewFile/Minutes/_05172016-698","True",
"YpsilantiMICity","ec86ee48-8698-4686-81fe-3e9e34dfe0a9","C:\Extractor\YpsilantiMICity\05-17-16 FINAL Agenda.pdf","Council","http://cityofypsilanti.com/AgendaCenter/ViewFile/Item/722?fileID=1635","True",
"YpsilantiMICity","8ce98840-6118-4837-9128-5e5b1d4c5bc6","C:\Extractor\YpsilantiMICity\5-17-16 Council Packet.pdf","Council","http://cityofypsilanti.com/AgendaCenter/ViewFile/Item/728?fileID=1649","True",
"YpsilantiMICity","4f608415-3c39-4e3a-a2a1-ebd9b44e9422","C:\Extractor\YpsilantiMICity\05-17-16 ACTION MINUTES.pdf","Council","http://cityofypsilanti.com/AgendaCenter/ViewFile/Item/731?fileID=1652","True",
"YpsilantiMICity","ab0decdf-6292-411e-a1f2-f6b1df4ff717","C:\Extractor\YpsilantiMICity\_05102016-696.pdf","Council","http://cityofypsilanti.com/AgendaCenter/ViewFile/Minutes/_05102016-696","True",
"YpsilantiMICity","eab5a845-ce30-4edf-9267-734403a38441","C:\Extractor\YpsilantiMICity\05-10-16 FINAL Agenda.pdf","Council","http://cityofypsilanti.com/AgendaCenter/ViewFile/Item/717?fileID=1628","True",
"YpsilantiMICity","fb17dcc6-1424-478b-ad29-c7288f0cb0a8","C:\Extractor\YpsilantiMICity\Revised 5-10-16 Council Meeting Packet.pdf","Council","http://cityofypsilanti.com/AgendaCenter/ViewFile/Item/720?fileID=1631","True",
"YpsilantiMICity","3b04fa64-e618-4a11-9227-fd1c5e599936","C:\Extractor\YpsilantiMICity\05-10-16 ACTION MINUTES.pdf","Council","http://cityofypsilanti.com/AgendaCenter/ViewFile/Item/721?fileID=1632","True",
"YpsilantiMICity","fbe99f9c-b0ee-4976-addb-a9254b98566e","C:\Extractor\YpsilantiMICity\_05032016-692.pdf","Council","http://cityofypsilanti.com/AgendaCenter/ViewFile/Minutes/_05032016-692","True",
"YpsilantiMICity","420dc2ec-0efe-4d1d-9e1a-143699d84c97","C:\Extractor\YpsilantiMICity\UDATED 05-03-16 Agenda.pdf","Council","http://cityofypsilanti.com/AgendaCenter/ViewFile/Item/714?fileID=1624","True",
"YpsilantiMICity","d8466bca-ed09-4542-9acf-8a80fcee283d","C:\Extractor\YpsilantiMICity\_04192016-686.pdf","Council","http://cityofypsilanti.com/AgendaCenter/ViewFile/Minutes/_04192016-686","True",
"YpsilantiMICity","98ca3793-5084-4a94-93c0-328e1f00f4cd","C:\Extractor\YpsilantiMICity\04-19-16 FINAL Agenda.pdf","Council","http://cityofypsilanti.com/AgendaCenter/ViewFile/Item/701?fileID=1606","True",
"YpsilantiMICity","b3fa6b43-ea2e-4dde-b99d-9419816a5503","C:\Extractor\YpsilantiMICity\4-19-16 Council Meeting Packet.pdf","Council","http://cityofypsilanti.com/AgendaCenter/ViewFile/Item/706?fileID=1611","True",
"YpsilantiMICity","70ebde2b-111b-4e93-a000-903a7b437db4","C:\Extractor\YpsilantiMICity\ACTION MINUTES 04-19-16.pdf","Council","http://cityofypsilanti.com/AgendaCenter/ViewFile/Item/708?fileID=1614","True",
"YpsilantiMICity","2f86b403-79e1-45d7-814c-63d897581f1f","C:\Extractor\YpsilantiMICity\_04052016-680.pdf","Council","http://cityofypsilanti.com/AgendaCenter/ViewFile/Minutes/_04052016-680","True",
"YpsilantiMICity","f8889879-accf-462b-b985-79982bfd5c44","C:\Extractor\YpsilantiMICity\04-05-16 REVISED FINAL Agenda.pdf","Council","http://cityofypsilanti.com/AgendaCenter/ViewFile/Item/694?fileID=1597","True",
"YpsilantiMICity","4b6a0461-16eb-48c2-ae4e-4cde4795e859","C:\Extractor\YpsilantiMICity\4-5-16 Council Packet.pdf","Council","http://cityofypsilanti.com/AgendaCenter/ViewFile/Item/697?fileID=1600","True",
"YpsilantiMICity","ec6f606d-9ac2-4c18-a847-e5b30c4ce532","C:\Extractor\YpsilantiMICity\04-05-16 ACTION MINUTES.pdf","Council","http://cityofypsilanti.com/AgendaCenter/ViewFile/Item/700?fileID=1603","True",
"YpsilantiMICity","37f66985-23d2-4310-a686-978498548b18","C:\Extractor\YpsilantiMICity\_03152016-670.pdf","Council","http://cityofypsilanti.com/AgendaCenter/ViewFile/Minutes/_03152016-670","True",
"YpsilantiMICity","df80b280-5191-4590-908c-48431f945270","C:\Extractor\YpsilantiMICity\03-15-16 FINAL 2 Agenda.pdf","Council","http://cityofypsilanti.com/AgendaCenter/ViewFile/Item/684?fileID=1581","True",
"YpsilantiMICity","5afc7d3a-0ab8-4732-a38b-260ad46ddfe2","C:\Extractor\YpsilantiMICity\Revised 2 Council Packet 3-15-16.pdf","Council","http://cityofypsilanti.com/AgendaCenter/ViewFile/Item/685?fileID=1582","True",
"YpsilantiMICity","879fbe8c-609b-44b3-ba1e-93c8709a1f33","C:\Extractor\YpsilantiMICity\ACTION MINUTES 03-15-16.pdf","Council","http://cityofypsilanti.com/AgendaCenter/ViewFile/Item/686?fileID=1583","True",
"YpsilantiMICity","b9b9bcb8-9cc7-4bed-8733-392175ebda2b","C:\Extractor\YpsilantiMICity\3-1-16 FINAL AGENDA.pdf","Council","http://cityofypsilanti.com/AgendaCenter/ViewFile/Item/667?fileID=1533","True",
"YpsilantiMICity","8dd115e7-ec35-4017-a1ca-a8a1a0cf5ee3","C:\Extractor\YpsilantiMICity\Council Packet 3-1-16.pdf","Council","http://cityofypsilanti.com/AgendaCenter/ViewFile/Item/668?fileID=1534","True",
"YpsilantiMICity","fb45c72b-c38a-41de-ac1e-092ee48f78fa","C:\Extractor\YpsilantiMICity\_02162016-654.pdf","Council","http://cityofypsilanti.com/AgendaCenter/ViewFile/Minutes/_02162016-654","True",
"YpsilantiMICity","d2963d42-bb19-493b-ba45-740adc8ff8b6","C:\Extractor\YpsilantiMICity\FINAL REVISED 2-16-16 FINAL AGENDA.pdf","Council","http://cityofypsilanti.com/AgendaCenter/ViewFile/Item/666?fileID=1531","True",
"YpsilantiMICity","074535bf-04e5-4174-bd5f-729bb6cb6a7f","C:\Extractor\YpsilantiMICity\2 REVISED City Council Packet 2-16-16.pdf","Council","http://cityofypsilanti.com/AgendaCenter/ViewFile/Item/665?fileID=1530","True",
"YpsilantiMICity","e697fd0c-d551-487c-b7a7-e7ba5446f45c","C:\Extractor\YpsilantiMICity\_02022016-642.pdf","Council","http://cityofypsilanti.com/AgendaCenter/ViewFile/Minutes/_02022016-642","True",
"YpsilantiMICity","f96d21d0-2af6-4cc4-a52e-103d0d42c704","C:\Extractor\YpsilantiMICity\REVISED FINAL AGENDA 2-2-16.pdf","Council","http://cityofypsilanti.com/AgendaCenter/ViewFile/Item/645?fileID=1472","True",
"YpsilantiMICity","2f1c9470-6818-4b7f-a4dc-182ee99a71ec","C:\Extractor\YpsilantiMICity\Revised City Council Meeting Packet 2-2-16.pdf","Council","http://cityofypsilanti.com/AgendaCenter/ViewFile/Item/644?fileID=1471","True",
"YpsilantiMICity","901637c2-01b8-44e7-89c3-51d8f43f3635","C:\Extractor\YpsilantiMICity\ACTION MINUTES 2-2-16.pdf","Council","http://cityofypsilanti.com/AgendaCenter/ViewFile/Item/646?fileID=1473","True",
"YpsilantiMICity","10ea6c93-755f-45a8-8c66-5fef30315718","C:\Extractor\YpsilantiMICity\_01262016-638.pdf","Council","http://cityofypsilanti.com/AgendaCenter/ViewFile/Minutes/_01262016-638","True",
"YpsilantiMICity","1892a7ce-d944-4dd8-abad-56e93f080b89","C:\Extractor\YpsilantiMICity\1-26-16 Goal Setting Agenda.pdf","Council","http://cityofypsilanti.com/AgendaCenter/ViewFile/Item/651?fileID=1480","True",
"YpsilantiMICity","a65907b4-7b3e-4b1a-bfef-d939295776d4","C:\Extractor\YpsilantiMICity\Revised City Council Packet 1-26-16.pdf","Council","http://cityofypsilanti.com/AgendaCenter/ViewFile/Item/652?fileID=1481","True",
"YpsilantiMICity","57882fb1-06a9-4f77-aebf-bc1ca72f4169","C:\Extractor\YpsilantiMICity\_01192016-632.pdf","Council","http://cityofypsilanti.com/AgendaCenter/ViewFile/Minutes/_01192016-632","True",
"YpsilantiMICity","45cf1e76-8c62-4ea2-89a9-33c87bb8f4c6","C:\Extractor\YpsilantiMICity\DRAFT AGENDA 1-19-16.pdf","Council","http://cityofypsilanti.com/AgendaCenter/ViewFile/Item/625?fileID=1449","True",
"YpsilantiMICity","0b6c3098-4333-475b-b463-cf7f4847165a","C:\Extractor\YpsilantiMICity\Council Packet 1-19-16.pdf","Council","http://cityofypsilanti.com/AgendaCenter/ViewFile/Item/626?fileID=1450","True",
"YpsilantiMICity","56be0501-ff11-484d-8378-d5b4591b362c","C:\Extractor\YpsilantiMICity\ACTION MINUTES 1-19-16.pdf","Council","http://cityofypsilanti.com/AgendaCenter/ViewFile/Item/631?fileID=1455","True",
"YpsilantiMICity","81a6231c-b9cd-42b4-89f9-f84367bc7638","C:\Extractor\YpsilantiMICity\_01052016-597.pdf","Council","http://cityofypsilanti.com/AgendaCenter/ViewFile/Minutes/_01052016-597","True",
"YpsilantiMICity","aab81a37-e02d-4aba-af42-5a31a7caa5b3","C:\Extractor\YpsilantiMICity\1-6-15 REVISED FINAL Agenda 2.pdf","Council","http://cityofypsilanti.com/AgendaCenter/ViewFile/Item/618?fileID=1395","True",
"YpsilantiMICity","d874e716-2a02-4e53-b216-77e727c08dcc","C:\Extractor\YpsilantiMICity\1-6-15 Council Packet Revised.pdf","Council","http://cityofypsilanti.com/AgendaCenter/ViewFile/Item/619?fileID=1396","True",
"YpsilantiMICity","798800dc-6494-461d-bc4e-69c492a8f6ce","C:\Extractor\YpsilantiMICity\ACTION MINUTES 1-5-16.pdf","Council","http://cityofypsilanti.com/AgendaCenter/ViewFile/Item/620?fileID=1397","True",
"YpsilantiMICity","d3c25b9f-ba72-4366-94a2-3a32ecd71bf1","C:\Extractor\YpsilantiMICity\_12212016-799.pdf","Planning Commission","http://cityofypsilanti.com/AgendaCenter/ViewFile/Minutes/_12212016-799","True",
"YpsilantiMICity","b3fe8eeb-f570-429c-b62e-1812816ae88c","C:\Extractor\YpsilantiMICity\01-December 21, 2016 Agenda.pdf","Planning Commission","http://cityofypsilanti.com/AgendaCenter/ViewFile/Item/946?fileID=1950","True",
"YpsilantiMICity","747a21d5-b4a6-4a78-928f-0f7f218ef5e6","C:\Extractor\YpsilantiMICity\12-21-2016 PC Meeting Packet.pdf","Planning Commission","http://cityofypsilanti.com/AgendaCenter/ViewFile/Item/947?fileID=1951","True",
"YpsilantiMICity","cfac1ea1-5c96-44ab-bb26-3ea9bb461e11","C:\Extractor\YpsilantiMICity\_11162016-801.pdf","Planning Commission","http://cityofypsilanti.com/AgendaCenter/ViewFile/Minutes/_11162016-801","True",
"YpsilantiMICity","26c5230b-c029-4199-b0a8-b1b96e110967","C:\Extractor\YpsilantiMICity\01-November 16, 2016 Agenda.pdf","Planning Commission","http://cityofypsilanti.com/AgendaCenter/ViewFile/Item/951?fileID=1955","True",
"YpsilantiMICity","db950892-82f1-4893-b5db-1723604b53e9","C:\Extractor\YpsilantiMICity\11-16-16 PC Meeting Packet.pdf","Planning Commission","http://cityofypsilanti.com/AgendaCenter/ViewFile/Item/952?fileID=1956","True",
"YpsilantiMICity","7fac3c25-484f-4627-a2ad-a7c3498c4603","C:\Extractor\YpsilantiMICity\_10192016-774.pdf","Planning Commission","http://cityofypsilanti.com/AgendaCenter/ViewFile/Minutes/_10192016-774","True",
"YpsilantiMICity","5aa9da76-1df5-4b05-9a5f-0c96f7f2e306","C:\Extractor\YpsilantiMICity\01-October 19 Agenda.pdf","Planning Commission","http://cityofypsilanti.com/AgendaCenter/ViewFile/Item/882?fileID=1880","True",
"YpsilantiMICity","fa8893ba-2ee0-49e2-89dc-d5866c01b18e","C:\Extractor\YpsilantiMICity\10-19-16 PC Meeting Packet.pdf","Planning Commission","http://cityofypsilanti.com/AgendaCenter/ViewFile/Item/883?fileID=1881","True",
"YpsilantiMICity","eb1c0b10-b89e-4457-82a2-58354f008787","C:\Extractor\YpsilantiMICity\_09212016-761.pdf","Planning Commission","http://cityofypsilanti.com/AgendaCenter/ViewFile/Minutes/_09212016-761","True",
"YpsilantiMICity","194c9a2f-9288-4cae-8777-2179b625b9d1","C:\Extractor\YpsilantiMICity\01-September 21 Agenda.pdf","Planning Commission","http://cityofypsilanti.com/AgendaCenter/ViewFile/Item/844?fileID=1840","True",
"YpsilantiMICity","2a444b4f-e90f-46d1-90c6-800394590561","C:\Extractor\YpsilantiMICity\9-21-16 PC Meeting Packet.pdf","Planning Commission","http://cityofypsilanti.com/AgendaCenter/ViewFile/Item/845?fileID=1841","True",
"YpsilantiMICity","e2d5bc8f-e1ed-4ba4-b088-d8cad4e6dbcb","C:\Extractor\YpsilantiMICity\_08172016-744.pdf","Planning Commission","http://cityofypsilanti.com/AgendaCenter/ViewFile/Minutes/_08172016-744","True",
"YpsilantiMICity","23dccff1-56ff-4483-bae1-6226976a3342","C:\Extractor\YpsilantiMICity\01-August 17 Agenda.pdf","Planning Commission","http://cityofypsilanti.com/AgendaCenter/ViewFile/Item/811?fileID=1801","True",
"YpsilantiMICity","35db99c0-b0d1-4fd5-bf93-f463375cc41c","C:\Extractor\YpsilantiMICity\8-17-16 PC Meeting Packet.pdf","Planning Commission","http://cityofypsilanti.com/AgendaCenter/ViewFile/Item/812?fileID=1802","True",
"YpsilantiMICity","740b5d64-2855-4248-b240-42e58eccfaf5","C:\Extractor\YpsilantiMICity\8-17-16 Zoning Ordinance Updates.pdf","Planning Commission","http://cityofypsilanti.com/AgendaCenter/ViewFile/Item/813?fileID=1803","True",
"YpsilantiMICity","a725ebee-cfe3-48d8-acfa-6dba064cd5f1","C:\Extractor\YpsilantiMICity\_07202016-733.pdf","Planning Commission","http://cityofypsilanti.com/AgendaCenter/ViewFile/Minutes/_07202016-733","True",
"YpsilantiMICity","b35f4ef0-df58-442b-aac0-f55b1413e4d7","C:\Extractor\YpsilantiMICity\01-July 20 Agenda.pdf","Planning Commission","http://cityofypsilanti.com/AgendaCenter/ViewFile/Item/801?fileID=1788","True",
"YpsilantiMICity","05cbf6b7-b007-491e-aee5-301a83dae48c","C:\Extractor\YpsilantiMICity\packet-2014-07.pdf","Planning Commission","http://cityofypsilanti.com/AgendaCenter/ViewFile/Item/800?fileID=1787","True",
"YpsilantiMICity","3cb35f23-35cd-422e-9590-bdd2b00d02c2","C:\Extractor\YpsilantiMICity\_06152016-713.pdf","Planning Commission","http://cityofypsilanti.com/AgendaCenter/ViewFile/Minutes/_06152016-713","True",
"YpsilantiMICity","ca677aba-9c86-4dbf-83d7-6a42bbef313f","C:\Extractor\YpsilantiMICity\01-June 15 Agenda.pdf","Planning Commission","http://cityofypsilanti.com/AgendaCenter/ViewFile/Item/758?fileID=1700","True",
"YpsilantiMICity","1258b37c-04c5-4fda-a522-e319c6d71293","C:\Extractor\YpsilantiMICity\5-18-16 Draft Planning Meeting Minutes.pdf","Planning Commission","http://cityofypsilanti.com/AgendaCenter/ViewFile/Item/759?fileID=1701","True",
"YpsilantiMICity","779b494c-4a72-4078-8c58-af0cbb5ea663","C:\Extractor\YpsilantiMICity\ZO_BW20160613.pdf","Planning Commission","http://cityofypsilanti.com/AgendaCenter/ViewFile/Item/761?fileID=1703","True",
"YpsilantiMICity","2a448cb5-0ab5-4304-9ee0-1ecc1d592e9b","C:\Extractor\YpsilantiMICity\NMAC Meeting Minutes - May 2016.pdf","Planning Commission","http://cityofypsilanti.com/AgendaCenter/ViewFile/Item/760?fileID=1702","True",
"YpsilantiMICity","e00fbd45-06f6-4676-a9bd-c52243398b45","C:\Extractor\YpsilantiMICity\_05182016-701.pdf","Planning Commission","http://cityofypsilanti.com/AgendaCenter/ViewFile/Minutes/_05182016-701","True",
"YpsilantiMICity","6bede2ca-4f9a-4d00-9a33-d398f752dbea","C:\Extractor\YpsilantiMICity\01-May 18 Agenda.pdf","Planning Commission","http://cityofypsilanti.com/AgendaCenter/ViewFile/Item/725?fileID=1644","True",
"YpsilantiMICity","e9027ac0-d2c4-4a57-8b5a-4b85de66fa0c","C:\Extractor\YpsilantiMICity\02- 4-20-16 Draft Planning Meeting Minutes.pdf","Planning Commission","http://cityofypsilanti.com/AgendaCenter/ViewFile/Item/725?fileID=1641","True",
"YpsilantiMICity","23551e55-161e-4c5a-bbf1-1ee578697cce","C:\Extractor\YpsilantiMICity\03- Zoning-memo.pdf","Planning Commission","http://cityofypsilanti.com/AgendaCenter/ViewFile/Item/725?fileID=1642","True",
"YpsilantiMICity","54073a22-5939-4755-81e0-802eea26b8bf","C:\Extractor\YpsilantiMICity\04- ZO_BW20160513.pdf","Planning Commission","http://cityofypsilanti.com/AgendaCenter/ViewFile/Item/725?fileID=1643","True",
"YpsilantiMICity","e092a57a-4e3b-45f9-be12-5b25f3df7cc6","C:\Extractor\YpsilantiMICity\05- NMAC Meeting Minutes - May 2016.pdf","Planning Commission","http://cityofypsilanti.com/AgendaCenter/ViewFile/Item/725?fileID=1645","True",
"YpsilantiMICity","ea44096e-7c29-4c9c-a958-13438964cd01","C:\Extractor\YpsilantiMICity\_04202016-688.pdf","Planning Commission","http://cityofypsilanti.com/AgendaCenter/ViewFile/Minutes/_04202016-688","True",
"YpsilantiMICity","adfc3a0d-c2fe-4846-b162-53a2f28fc4e4","C:\Extractor\YpsilantiMICity\agenda_2016-04-20.pdf","Planning Commission","http://cityofypsilanti.com/AgendaCenter/ViewFile/Item/705?fileID=1610","True",
"YpsilantiMICity","d03cf50e-ea3f-4cff-8c56-d0421264ce5c","C:\Extractor\YpsilantiMICity\packet_2016-04-20.pdf","Planning Commission","http://cityofypsilanti.com/AgendaCenter/ViewFile/Item/703?fileID=1608","True",
"YpsilantiMICity","abd9c1d7-ba25-40cf-a776-5f448876b703","C:\Extractor\YpsilantiMICity\ZO_BW20160415_pc0420.pdf","Planning Commission","http://cityofypsilanti.com/AgendaCenter/ViewFile/Item/707?fileID=1612","True",
"YpsilantiMICity","a4c29e52-4f52-499d-9870-ff4037768800","C:\Extractor\YpsilantiMICity\_03162016-673.pdf","Planning Commission","http://cityofypsilanti.com/AgendaCenter/ViewFile/Minutes/_03162016-673","True",
"YpsilantiMICity","dc0c5502-821b-47ec-8347-2fa83382392e","C:\Extractor\YpsilantiMICity\2016-03-16_Agenda.pdf","Planning Commission","http://cityofypsilanti.com/AgendaCenter/ViewFile/Item/681?fileID=1577","True",
"YpsilantiMICity","5ff2f6a3-6106-4526-a50b-5b6db9983e14","C:\Extractor\YpsilantiMICity\2016-03-16_Packet.pdf","Planning Commission","http://cityofypsilanti.com/AgendaCenter/ViewFile/Item/679?fileID=1575","True",
"YpsilantiMICity","f14f22eb-c9b7-4830-b72b-8736ddd951b9","C:\Extractor\YpsilantiMICity\_02172016-655.pdf","Planning Commission","http://cityofypsilanti.com/AgendaCenter/ViewFile/Minutes/_02172016-655","True",
"YpsilantiMICity","06301334-2a32-4777-829d-7ad0fed7f1f4","C:\Extractor\YpsilantiMICity\01-Feb 17 Agenda.pdf","Planning Commission","http://cityofypsilanti.com/AgendaCenter/ViewFile/Item/655?fileID=1484","True",
"YpsilantiMICity","83418cf8-a3c4-4ad0-9554-3c2a1f970a9c","C:\Extractor\YpsilantiMICity\2016_02-17_packet.pdf","Planning Commission","http://cityofypsilanti.com/AgendaCenter/ViewFile/Item/656?fileID=1485","True",
"YpsilantiMICity","330c9a84-5aef-44b5-832e-207da0118816","C:\Extractor\YpsilantiMICity\_02102016-646.pdf","Planning Commission","http://cityofypsilanti.com/AgendaCenter/ViewFile/Minutes/_02102016-646","True",
"YpsilantiMICity","8093992b-d133-435f-a6b2-cebb54e18635","C:\Extractor\YpsilantiMICity\01-Feb 10, 2016 Agenda.pdf","Planning Commission","http://cityofypsilanti.com/AgendaCenter/ViewFile/Item/649?fileID=1477","True",
"YpsilantiMICity","4259ceeb-8cad-481f-b09c-0fe425ad772f","C:\Extractor\YpsilantiMICity\2016-02-10_PC_Meeting_Packet.pdf","Planning Commission","http://cityofypsilanti.com/AgendaCenter/ViewFile/Item/650?fileID=1478","True",
"YpsilantiMICity","6827769c-bf0b-4b25-b3f7-2ee60f12bf63","C:\Extractor\YpsilantiMICity\_01272016-661.pdf","Planning Commission","http://cityofypsilanti.com/AgendaCenter/ViewFile/Minutes/_01272016-661","True",
"YpsilantiMICity","082b5d49-b4d4-4982-98f5-61691aacd609","C:\Extractor\YpsilantiMICity\_01272016-661.pdf","Planning Commission","http://cityofypsilanti.com/AgendaCenter/ViewFile/Agenda/_01272016-661","True",
"YpsilantiMICity","c971887c-3bdb-44eb-99fb-5ffe43702382","C:\Extractor\YpsilantiMICity\_01202016-633.pdf","Planning Commission","http://cityofypsilanti.com/AgendaCenter/ViewFile/Minutes/_01202016-633","True",
"YpsilantiMICity","3d73e376-8fb9-4250-b9e0-80b78675ffb2","C:\Extractor\YpsilantiMICity\01-January 20 Agenda.pdf","Planning Commission","http://cityofypsilanti.com/AgendaCenter/ViewFile/Item/627?fileID=1451","True",
"YpsilantiMICity","e537c016-b8d2-4dd2-833e-767afbe3a197","C:\Extractor\YpsilantiMICity\1-20-16 PC Meeting Packet.pdf","Planning Commission","http://cityofypsilanti.com/AgendaCenter/ViewFile/Item/628?fileID=1452","True",
"YpsilantiMICity","e1be54d3-bd7f-437c-b27e-e3847cf6944e","C:\Extractor\YpsilantiMICity\01- ZBA Agenda 10-26-16.pdf","Zoning Board of Appeals","http://cityofypsilanti.com/AgendaCenter/ViewFile/Item/897?fileID=1897","True",
"YpsilantiMICity","554071f9-93bb-4e1f-b195-2fbb7616a440","C:\Extractor\YpsilantiMICity\October 26, 2016 ZBA Meeting Packet.pdf","Zoning Board of Appeals","http://cityofypsilanti.com/AgendaCenter/ViewFile/Item/898?fileID=1898","True",
"YpsilantiMICity","573a7a24-d79b-4318-a1f6-dc1c4d25a95c","C:\Extractor\YpsilantiMICity\_09282016-763.pdf","Zoning Board of Appeals","http://cityofypsilanti.com/AgendaCenter/ViewFile/Minutes/_09282016-763","True",
"YpsilantiMICity","32380173-c947-4952-9646-99e32a5c431d","C:\Extractor\YpsilantiMICity\01- ZBA Agenda 9-28-16.pdf","Zoning Board of Appeals","http://cityofypsilanti.com/AgendaCenter/ViewFile/Item/863?fileID=1860","True",
"YpsilantiMICity","58ee7a85-83c9-4268-8d38-fd37dc78c678","C:\Extractor\YpsilantiMICity\ZBA_PACKET_2016-09-28.pdf","Zoning Board of Appeals","http://cityofypsilanti.com/AgendaCenter/ViewFile/Item/864?fileID=1861","True",
"YpsilantiMICity","9253bfe2-0caf-4002-9704-72793bef8f00","C:\Extractor\YpsilantiMICity\01- ZBA Agenda 8-24-16.pdf","Zoning Board of Appeals","http://cityofypsilanti.com/AgendaCenter/ViewFile/Item/828?fileID=1822","True",
"YpsilantiMICity","c3ee4f23-a216-4bc0-9415-11c3aab67c92","C:\Extractor\YpsilantiMICity\ZBA meeting packet 8-24-16.pdf","Zoning Board of Appeals","http://cityofypsilanti.com/AgendaCenter/ViewFile/Item/829?fileID=1823","True",
"YpsilantiMICity","736dddda-0e23-4b62-82e8-f66430bd4f1f","C:\Extractor\YpsilantiMICity\_06222016-718.pdf","Zoning Board of Appeals","http://cityofypsilanti.com/AgendaCenter/ViewFile/Minutes/_06222016-718","True",
"YpsilantiMICity","f5560d72-5571-4b2d-bf96-9e570811d261","C:\Extractor\YpsilantiMICity\01- ZBA Agenda 6-22-16.pdf","Zoning Board of Appeals","http://cityofypsilanti.com/AgendaCenter/ViewFile/Item/772?fileID=1715","True",
"YpsilantiMICity","cd5e3ba4-d215-43a2-baf1-22b212bacd2d","C:\Extractor\YpsilantiMICity\06-22-16 ZBA meeting packet.pdf","Zoning Board of Appeals","http://cityofypsilanti.com/AgendaCenter/ViewFile/Item/773?fileID=1716","True",
"YpsilantiMICity","d4d852de-0532-4560-9269-f23b2c50b5da","C:\Extractor\YpsilantiMICity\_01272016-635.pdf","Zoning Board of Appeals","http://cityofypsilanti.com/AgendaCenter/ViewFile/Minutes/_01272016-635","True",
"YpsilantiMICity","06254f8c-e29e-4bdd-b874-df051422058f","C:\Extractor\YpsilantiMICity\01- ZBA Agenda 1-27-16.pdf","Zoning Board of Appeals","http://cityofypsilanti.com/AgendaCenter/ViewFile/Item/632?fileID=1456","True",
"YpsilantiMICity","9e85ee22-f8a5-41f7-a436-f445f8474073","C:\Extractor\YpsilantiMICity\1-27-16 ZBA packet.pdf","Zoning Board of Appeals","http://cityofypsilanti.com/AgendaCenter/ViewFile/Item/633?fileID=1457","True",
"YpsilantiMICity","d05f89a9-c318-4e5e-bab4-63631b4eda2c","C:\Extractor\YpsilantiMICity\REVISED FINAL Agenda 3-21-17.pdf","Council","http://cityofypsilanti.com/AgendaCenter/ViewFile/Item/1015?fileID=2047","True",
"YpsilantiMICity","7fa900dc-ce2b-41e2-9d7c-565f25c5364c","C:\Extractor\YpsilantiMICity\March 21st Council Packet.pdf","Council","http://cityofypsilanti.com/AgendaCenter/ViewFile/Item/1016?fileID=2048","True",
"YpsilantiMICity","8d958e5f-8ac3-4fd9-88bc-4ccdef43623e","C:\Extractor\YpsilantiMICity\ZOUpdate- 02- ZO_BW20170315_anno.pdf","Council","http://cityofypsilanti.com/AgendaCenter/ViewFile/Item/1017?fileID=2051","True",
"YpsilantiMICity","2dfe2df5-acce-4044-bb91-bb3b6daf1f23","C:\Extractor\YpsilantiMICity\ZOUpdate- 03- ZO_BW20170315_plain.pdf","Council","http://cityofypsilanti.com/AgendaCenter/ViewFile/Item/1018?fileID=2050","True",
"YpsilantiMICity","25618222-fcab-4512-b1eb-a3e508785fd4","C:\Extractor\YpsilantiMICity\ZOUpdate- 04- ZO_20170307.pdf","Council","http://cityofypsilanti.com/AgendaCenter/ViewFile/Item/1019?fileID=2052","True",
"YpsilantiMICity","cd88da08-8bf4-4872-988f-80fa77c16571","C:\Extractor\YpsilantiMICity\ZOUpdate- 05- Wall_Zoning.pdf","Council","http://cityofypsilanti.com/AgendaCenter/ViewFile/Item/1020?fileID=2053","True",
"YpsilantiMICity","0f925529-d067-443b-9373-225826612eb9","C:\Extractor\YpsilantiMICity\_03072017-822.pdf","Council","http://cityofypsilanti.com/AgendaCenter/ViewFile/Minutes/_03072017-822","True",
"YpsilantiMICity","4111addc-87d5-4ce6-a8da-5fc4d2f4684a","C:\Extractor\YpsilantiMICity\Agenda 3-7-17.pdf","Council","http://cityofypsilanti.com/AgendaCenter/ViewFile/Item/1003?fileID=2026","True",
"YpsilantiMICity","ec1af291-4a8b-4ff0-ab3e-fc31ba12e32f","C:\Extractor\YpsilantiMICity\March 7, 2017 Council Packet.pdf","Council","http://cityofypsilanti.com/AgendaCenter/ViewFile/Item/1004?fileID=2027","True",
"YpsilantiMICity","38c908e7-3f6b-45af-8f25-80d79d89b1e3","C:\Extractor\YpsilantiMICity\ACTION MINUTES 3-7-17.pdf","Council","http://cityofypsilanti.com/AgendaCenter/ViewFile/Item/1005?fileID=2028","True",
"YpsilantiMICity","424be151-605a-49a1-a607-8ee027eef196","C:\Extractor\YpsilantiMICity\_02212017-819.pdf","Council","http://cityofypsilanti.com/AgendaCenter/ViewFile/Minutes/_02212017-819","True",
"YpsilantiMICity","584be909-a1ec-4396-b9c8-9044e856be64","C:\Extractor\YpsilantiMICity\Agenda 2-21-17.pdf","Council","http://cityofypsilanti.com/AgendaCenter/ViewFile/Item/987?fileID=2002","True",
"YpsilantiMICity","61f862e4-4914-4970-846b-0e55b1d30663","C:\Extractor\YpsilantiMICity\2-21-17 Council Packet.pdf","Council","http://cityofypsilanti.com/AgendaCenter/ViewFile/Item/994?fileID=2009","True",
"YpsilantiMICity","bfd0b5b9-44c9-4448-9f12-8a80276ff30f","C:\Extractor\YpsilantiMICity\ZOUpdate- 02- ZO_BW20170215_anno.pdf","Council","http://cityofypsilanti.com/AgendaCenter/ViewFile/Item/989?fileID=2004","True",
"YpsilantiMICity","1e052d31-c1d3-44b4-9a41-fc66fde40855","C:\Extractor\YpsilantiMICity\ZOUpdate- 03- ZO_BW20170215_plain.pdf","Council","http://cityofypsilanti.com/AgendaCenter/ViewFile/Item/990?fileID=2005","True",
"YpsilantiMICity","222a4eb4-2a6d-4a00-8992-de165987cdfb","C:\Extractor\YpsilantiMICity\ZOUpdate- 04- ZO_20150607.pdf","Council","http://cityofypsilanti.com/AgendaCenter/ViewFile/Item/991?fileID=2006","True",
"YpsilantiMICity","503a7c44-e79d-4e3b-ad71-cbf5a1f6de6c","C:\Extractor\YpsilantiMICity\ZOUpdate- 05- ZONING_MAP_2016-02-19.pdf","Council","http://cityofypsilanti.com/AgendaCenter/ViewFile/Item/992?fileID=2007","True",
"YpsilantiMICity","056c6896-f9c3-4a9a-937a-375c871a49b2","C:\Extractor\YpsilantiMICity\ACTION MINUTES 2-21-17.pdf","Council","http://cityofypsilanti.com/AgendaCenter/ViewFile/Item/995?fileID=2010","True",
"YpsilantiMICity","d97f4602-50fe-4e84-aaf1-9a865be9f386","C:\Extractor\YpsilantiMICity\_02072017-816.pdf","Council","http://cityofypsilanti.com/AgendaCenter/ViewFile/Minutes/_02072017-816","True",
"YpsilantiMICity","150cc5f6-281b-47d0-a31e-dabdb3a1facc","C:\Extractor\YpsilantiMICity\Agenda 2-7-17.pdf","Council","http://cityofypsilanti.com/AgendaCenter/ViewFile/Item/981?fileID=1993","True",
"YpsilantiMICity","562453ad-26fb-472a-8fd0-fb24c7975e52","C:\Extractor\YpsilantiMICity\2-2-17Council packet.pdf","Council","http://cityofypsilanti.com/AgendaCenter/ViewFile/Item/982?fileID=1994","True",
"YpsilantiMICity","99239695-30a1-4e4d-85d8-f6a86db9371a","C:\Extractor\YpsilantiMICity\ACTION MINUTES 2-7-17.pdf","Council","http://cityofypsilanti.com/AgendaCenter/ViewFile/Item/983?fileID=1997","True",
"YpsilantiMICity","f4a3f634-94c8-4310-a939-3c891df2afa6","C:\Extractor\YpsilantiMICity\01-31-17 Draft Goal Setting Agenda.pdf","Council","http://cityofypsilanti.com/AgendaCenter/ViewFile/Item/978?fileID=1989","True",
"YpsilantiMICity","69943a5b-7314-4e29-9b98-c288aa57fac7","C:\Extractor\YpsilantiMICity\1-31-17 Council Packet.pdf","Council","http://cityofypsilanti.com/AgendaCenter/ViewFile/Item/980?fileID=1992","True",
"YpsilantiMICity","8e088442-fb8f-4bd6-8732-871e71ac92a8","C:\Extractor\YpsilantiMICity\_01242017-813.pdf","Council","http://cityofypsilanti.com/AgendaCenter/ViewFile/Minutes/_01242017-813","True",
"YpsilantiMICity","325115cc-2211-48f4-b66c-6e3a69510583","C:\Extractor\YpsilantiMICity\Agenda 1-24-17.pdf","Council","http://cityofypsilanti.com/AgendaCenter/ViewFile/Item/973?fileID=1980","True",
"YpsilantiMICity","9d468f3a-1bd5-48ed-9e68-b11bc98faf01","C:\Extractor\YpsilantiMICity\Council Packet 1-24-17.pdf","Council","http://cityofypsilanti.com/AgendaCenter/ViewFile/Item/975?fileID=1982","True",
"YpsilantiMICity","b402f614-7822-4d1c-9642-d0fca52002c1","C:\Extractor\YpsilantiMICity\ACTION MINUTES 1-24-17.pdf","Council","http://cityofypsilanti.com/AgendaCenter/ViewFile/Item/976?fileID=1983","True",
"YpsilantiMICity","691b9296-0df5-42d6-ad2c-13ac5de52cb6","C:\Extractor\YpsilantiMICity\_01172017-809.pdf","Council","http://cityofypsilanti.com/AgendaCenter/ViewFile/Minutes/_01172017-809","True",
"YpsilantiMICity","afb620a7-b316-4a4c-ad8f-0e0d9d28605e","C:\Extractor\YpsilantiMICity\01-17-17 Agenda.pdf","Council","http://cityofypsilanti.com/AgendaCenter/ViewFile/Item/966?fileID=1972","True",
"YpsilantiMICity","92a27a83-9b82-4741-95f1-c83267a66a41","C:\Extractor\YpsilantiMICity\1-17-17 Council Packet.pdf","Council","http://cityofypsilanti.com/AgendaCenter/ViewFile/Item/967?fileID=1973","True",
"YpsilantiMICity","bb36d6d2-7596-43ff-821e-b32186614288","C:\Extractor\YpsilantiMICity\ACTION MINUTES 01-17-17.pdf","Council","http://cityofypsilanti.com/AgendaCenter/ViewFile/Item/968?fileID=1974","True",
"YpsilantiMICity","2786cf13-0594-4682-8cf4-b95c15c7662d","C:\Extractor\YpsilantiMICity\_01102017-806.pdf","Council","http://cityofypsilanti.com/AgendaCenter/ViewFile/Minutes/_01102017-806","True",
"YpsilantiMICity","97cfa968-2cb9-43e4-8ee3-d33f71e48a8d","C:\Extractor\YpsilantiMICity\Agenda 1-10-17.pdf","Council","http://cityofypsilanti.com/AgendaCenter/ViewFile/Item/958?fileID=1962","True",
"YpsilantiMICity","78c11678-5f17-458c-85fd-c644b0abf5d6","C:\Extractor\YpsilantiMICity\1-10-17 Council Packet.pdf","Council","http://cityofypsilanti.com/AgendaCenter/ViewFile/Item/959?fileID=1963","True",
"YpsilantiMICity","26c44fb2-ffc6-48ea-8bfe-af1f3d82ecbb","C:\Extractor\YpsilantiMICity\ACTION MINUTES  1-10-17.pdf","Council","http://cityofypsilanti.com/AgendaCenter/ViewFile/Item/960?fileID=1964","True",
"YpsilantiMICity","19b8845a-804a-44f3-8279-7703ae5f6efe","C:\Extractor\YpsilantiMICity\01-16March2017 Agenda-revised.pdf","Planning Commission","http://cityofypsilanti.com/AgendaCenter/ViewFile/Item/1014?fileID=2038","True",
"YpsilantiMICity","e0e4fdd5-ae74-46dc-a5b9-e349c2c08865","C:\Extractor\YpsilantiMICity\01-15March2017 Agenda.pdf","Planning Commission","http://cityofypsilanti.com/AgendaCenter/ViewFile/Item/1010?fileID=2033","True",
"YpsilantiMICity","f3407aea-deea-41fa-8519-b417148bd75d","C:\Extractor\YpsilantiMICity\March 15, 2017 PC Meeting Packet.pdf","Planning Commission","http://cityofypsilanti.com/AgendaCenter/ViewFile/Item/1011?fileID=2034","True",
"YpsilantiMICity","b31059fe-4ad0-4f49-922e-756ffb4fd5ad","C:\Extractor\YpsilantiMICity\539 S Huron Environmental.pdf","Planning Commission","http://cityofypsilanti.com/AgendaCenter/ViewFile/Item/1012?fileID=2035","True",
"YpsilantiMICity","01747047-6685-4a67-bba1-6a82c85d6834","C:\Extractor\YpsilantiMICity\539 S Huron Plans.pdf","Planning Commission","http://cityofypsilanti.com/AgendaCenter/ViewFile/Item/1012?fileID=2036","True",
"YpsilantiMICity","ba90eb72-77a4-452f-9034-83869bf388dd","C:\Extractor\YpsilantiMICity\_01182017-810.pdf","Planning Commission","http://cityofypsilanti.com/AgendaCenter/ViewFile/Minutes/_01182017-810","True",
"YpsilantiMICity","a371a54e-cb49-4ac5-af63-90c623a459ee","C:\Extractor\YpsilantiMICity\01-18Jan2017 Agenda.pdf","Planning Commission","http://cityofypsilanti.com/AgendaCenter/ViewFile/Item/962?fileID=1966","True",
"YpsilantiMICity","a4151c9a-6e91-450b-bd12-1350b4494956","C:\Extractor\YpsilantiMICity\1-18-2017 PC Meeting Packet.pdf","Planning Commission","http://cityofypsilanti.com/AgendaCenter/ViewFile/Item/963?fileID=1968","True",
